Level,Tier,Apparatus,Skill_Name,Status,XP_Reward,Difficulty,Official_Reference,Description,Key_Coaching_Cues,Execution_Steps,Common_Faults,Video_Tutorial_Title,Video_Channel,YouTube_URL
"Level 1","BRONZE","Floor Exercise","Forward roll tuck","VERIFIED","20","A","Gymfest Pre-Level Floor #1","Gymfest Pre-Level: Tucked chin, rounded spine roll to stand without hand push.","Chin to chest | Stay in tight tuck | Stand tall","1. Squat with knees together. 2. Tuck chin to chest. 3. Roll along spine. 4. Stand without hands pushing off floor.","Head touching floor flat | Using hands to stand up","How to Forward Roll | Gymnastics Tutorial","CBBC Gym Stars","https://www.youtube.com/watch?v=TSsCIEs17D8"
"Level 1","BRONZE","Floor Exercise","Forward roll walkout","VERIFIED","20","A","Gymfest Pre-Level Floor #2","Gymfest Pre-Level: Forward roll finishing in a continuous step-out / walkout into lunge.","Smooth roll | Step forward with lead foot | Upright posture","1. Roll forward smoothly with tucked head. 2. Step lead foot forward as hips pass over. 3. Walk out into balanced lunge.","Stopping momentum | Landing on both feet flat","Forward Roll Step Out / Walkout Breakdown","CBBC Gym Stars","https://www.youtube.com/watch?v=TSsCIEs17D8"
"Level 1","BRONZE","Floor Exercise","Forward roll straddle","VERIFIED","25","A","Gymfest Pre-Level Floor #3","Gymfest Pre-Level: Forward roll finishing in wide straddle stand with straight knees and pointed toes.","Wide straddle | Straight knees locked | Hands press between legs","1. Roll forward along rounded back. 2. Open legs wide into straddle as heels touch. 3. Press hands between legs to push up to stand.","Bending knees | Not opening straddle wide enough","Straddle Forward Roll Tutorial","Head Over Heels Gymnastics","https://www.youtube.com/watch?v=TSsCIEs17D8"
"Level 1","BRONZE","Floor Exercise","Bridge","VERIFIED","20","A","Gymfest Pre-Level Floor #4","Gymfest Pre-Level: Back bridge hold with open shoulders, straight arms, and feet flat on floor.","Push shoulders over hands | Straight arms | Feet together","1. Lie on back, place hands by ears with fingers toward shoulders. 2. Press through palms and feet to elevate hips. 3. Push shoulders over wrists and hold.","Bent elbows | Closed shoulders","How to Do a Bridge with Open Shoulders","MGA Gymnastics","https://www.youtube.com/watch?v=hde3jd_8yb8"
"Level 1","BRONZE","Floor Exercise","Straight jump and tuck jump","VERIFIED","25","A","Gymfest Pre-Level Floor #5","Gymfest Pre-Level: Vertical straight jump immediately connected to explosive tuck jump with knees to chest.","Knees to chest (not heels to butt) | Arms by ears | Stick and hold","1. Plie and jump into vertical straight jump. 2. Upon rebound, immediately pull knees into chest in tuck jump. 3. Stick landing in demi-plié.","Dropping chest on tuck | Kicking heels back","Straight Jump & Tuck Jump Gymnastics Drills","Coach Marissa","https://www.youtube.com/watch?v=WmpN6b4tV1E"
"Level 1","BRONZE","Vault","Running tuck jump on the big mat stick it.","VERIFIED","30","A","Gymfest Pre-Level Vault","Gymfest Pre-Level Vault: Accelerated run, punch springboard, tuck jump onto mat stack and stick firmly.","Accelerate into board | Two-foot punch | Stick the landing","1. Accelerated run down runway. 2. Low hurdle punch onto springboard. 3. Drive knees up into tuck jump onto mat stack. 4. Stick landing motionless.","Decelerating before board | Landing stiff-legged","Running Punch Tuck Jump on Vault Mat","Carousel Gymnastics","https://www.youtube.com/watch?v=-UhJoZWFT7s"
"Level 1","SILVER","Floor Exercise","Cartwheel","VERIFIED","30","A","Gymfest L1 Floor (Silver/Gold/Platinum)","Gymfest Level 1 (Silver/Gold/Platinum): Side-to-side hand placement with straight legs, pointed toes, and balanced lunge finish.","Straight arms locked | Pass through vertical | Finish in tall lunge","1. Start in deep lunge with arms by ears. 2. Reach lead hand then second hand along straight line. 3. Kick legs through vertical straddle. 4. Land foot-foot in clean lunge.","Bent knees | Piking hips out of plane | Crooked hand placement","How to EASILY do a cartwheel! (Tutorial)","Rylie Shaw","https://www.youtube.com/watch?v=GAbIx6oQAv4"
"Level 1","SILVER","Floor Exercise","Candle stick","VERIFIED","25","A","Gymfest L1 Floor","Gymfest Level 1: Tight hollow roll onto shoulder blades, toes pointing to ceiling in rigid candlestick position.","Point toes to ceiling | Squeeze butt | Roll to stand","1. Stand tall, roll back onto shoulder blades. 2. Push toes straight up to ceiling. 3. Squeeze glutes and core. 4. Roll forward to stand without hands.","Bent knees | Hips sagging toward floor","Candlestick to Stand Gymnastics Tutorial","Jubilee Gymnastics","https://www.youtube.com/watch?v=83-8RNZaDuw"
"Level 1","SILVER","Floor Exercise","Chasse","VERIFIED","25","A","Gymfest L1 Floor","Gymfest Level 1: Graceful dance step-together-step traveling across floor with pointed toes and upright carriage.","Point both toes | Heels touch in air | Chest held high","1. Step lead foot forward. 2. Slide trailing foot to kiss heels in air. 3. Step lead foot forward and present arms.","Flat feet | Slouching posture","Chassé & Dance Steps in Gymnastics","Anna McNulty","https://www.youtube.com/watch?v=ng0TU-tUEw0"
"Level 1","SILVER","Floor Exercise","Straight Jump","VERIFIED","25","A","Gymfest L1 Floor","Gymfest Level 1: Explosive vertical jump from two feet, fully extending hips, knees, and ankles in air, stuck landing.","Arms by ears | Toes pointed down | Stick and hold 3 seconds","1. Demi-plié swinging arms back. 2. Explode upward with arms lifting to ears. 3. Lock body in straight vertical line at apex. 4. Absorb landing in stick freeze.","Piking hips | Landing stiff-legged","Straight Jump Technique & Stick Landings","Coach Marissa","https://www.youtube.com/watch?v=WmpN6b4tV1E"
"Level 1","SILVER","Floor Exercise","Hand stand for at least 1 second","VERIFIED","30","A","Gymfest L1 Floor","Gymfest Level 1: Kick to straight body vertical handstand, holding locked line for at least 1 full second.","Push tall through shoulders | Squeeze glutes | Hold 1 second","1. Lunge forward, reach hands to mat shoulder-width. 2. Kick rear leg up into vertical line. 3. Glue legs together, lock elbows and hold 1 second. 4. Step down into balanced finish lunge.","Banana back arch | Bent elbows | Kicking over too fast","How to do a Handstand for Beginners | Hold for 1+ Second","Anna McNulty","https://www.youtube.com/watch?v=PFqKbqRGUyY"
"Level 1","PLATINUM","Floor Exercise","Backward roll","VERIFIED","35","A","Gymfest L1 Platinum Floor","Gymfest Level 1 Platinum: Hands by ears in pizza-pan shape, fast hip lift with straight arm push to feet.","Pizza hands by ears | Push hard through palms | Stay rounded","1. Squat with hands by ears palms facing ceiling. 2. Roll backward rapidly onto rounded back. 3. Push hard through palms as feet pass over head. 4. Land softly on feet.","Rolling over one shoulder | Failing to push with hands","How to do a Backwards Roll | Gymnastics Tutorial","Head Over Heels Gymnastics","https://www.youtube.com/watch?v=U_scqEjjZbM"
"Level 1","SILVER","Vault","Run, jump on the big mat then handstand to flat back","VERIFIED","35","A","Gymfest Level 1 Vault","Gymfest Level 1 Vault (Page 2): Accelerated approach run, punch springboard onto mat stack into vertical handstand falling flat to back.","Accelerate into board | Hit vertical handstand | Flat back fall","1. Run with acceleration down runway. 2. Punch springboard with feet together and arms swinging up. 3. Kick into vertical handstand on mat stack with locked arms. 4. Fall straight onto back with neutral head.","Arched back fall | Bent elbows on mat contact","Gymnastics Handstand Flatback Vault Tutorial","Incredible Gymnasts!","https://www.youtube.com/watch?v=XUPTTA1tY6M"
"Level 2","SILVER","Floor Exercise","Backward roll to push up","VERIFIED","35","A","Gymfest L2 Floor","Gymfest Level 2: Backward roll extending legs directly into locked front leaning rest (push-up) hollow position.","Fast hand push | Shoot legs straight | Lock hollow plank","1. Roll backward with hands by ears. 2. Shoot toes backward and up while pushing palms down. 3. Land on toes in locked push-up plank.","Sagging hips in plank | Bending knees","Backward Roll to Pushup Position Tutorial","eHowSports","https://www.youtube.com/watch?v=LYNLFv_JRZQ"
"Level 2","SILVER","Floor Exercise","Running split","VERIFIED","35","A","Gymfest L2 Floor","Gymfest Level 2: Running steps into forward dynamic split leap showing leg separation in motion.","Brush front foot | Straight back knee | Soft landing","1. Take 3 continuous running steps. 2. Brush front leg forward while driving rear leg back. 3. Hit split in air and land softly in plie.","Chest leaning forward | Bent front knee","Running Split Leap Tutorial","Anna McNulty","https://www.youtube.com/watch?v=ng0TU-tUEw0"
"Level 2","SILVER","Floor Exercise","Leap split (on the spot)","VERIFIED","35","A","Gymfest L2 Floor","Gymfest Level 2: Stationary split leap or jump from the spot achieving clean leg separation and soft landing.","Spring straight up | Equal split front & back | Quiet landing","1. Plie in place. 2. Spring vertically splitting legs equally front and back. 3. Pull feet together and absorb landing in demi-plié.","Uneven leg split | Landing stiff-legged","Split Jump & Spot Leap Gymnastics Tutorial","Anna McNulty","https://www.youtube.com/watch?v=ng0TU-tUEw0"
"Level 2","SILVER","Floor Exercise","Bridge with one leg raise for 5seconds","VERIFIED","35","A","Gymfest L2 Silver Floor","Gymfest Level 2 Silver: Push up into high bridge with open shoulders, lifting one leg straight toward ceiling for 5 seconds.","Shoulders over hands | Point raised toe | Hold 5 seconds","1. Push into bridge with locked arms. 2. Transfer weight onto supporting foot. 3. Extend other leg straight to ceiling. 4. Hold stationary for 5 full seconds.","Dropping hips | Bent raised leg","Bridge with One Leg Lift Tutorial","MGA Gymnastics","https://www.youtube.com/watch?v=hde3jd_8yb8"
"Level 2","GOLD","Floor Exercise","Handstand to bridge standup","IN_PROGRESS","40","A","Gymfest L2 Gold Floor","Gymfest Level 2 Gold: Kick to vertical handstand, step softly into bridge, and push hips forward to stand upright.","Soft bridge landing | Push hips forward to stand | Arms by ears on finish","1. Kick into vertical handstand. 2. Lower feet softly to mat into bridge. 3. Push hips forward over knees, lift arms and stand tall.","Crashing onto feet | Head lifting early on standup","Handstand into Bridge and Stand Up Tutorial","Incredible Gymnasts!","https://www.youtube.com/watch?v=iCFw0hYwa0A"
"Level 2","PLATINUM","Floor Exercise","Backward roll to front support","VERIFIED","40","A","Gymfest L2 Platinum Floor","Gymfest Level 2 Platinum: Roll backward smoothly pressing directly into locked front support plank.","Push palms down | Lock elbows | Squeeze glutes","1. Roll backward with hands by ears. 2. Push palms down into floor. 3. Extend hips and legs into locked straight body plank.","Sagging hips | Bent knees","Backward Roll to Front Support Plank","eHowSports","https://www.youtube.com/watch?v=LYNLFv_JRZQ"
"Level 2","PLATINUM","Floor Exercise","Passe hop to heel snap turn","VERIFIED","40","A","Gymfest L2 Platinum Floor","Gymfest Level 2 Platinum: Hop on one foot with opposite leg in passé, snapping heel to execute sharp 180° turn.","Passé toe at knee | Sharp heel snap | Spot the turn","1. Hop on standing leg with free leg in passé at knee. 2. Snap heel to initiate 180° rotation. 3. Hold high posture and balance on finish.","Dropping free foot | Losing balance","Passe Hop and Heel Snap Turn Technique","Altadore Gymnastic Club","https://www.youtube.com/watch?v=5S4EOgtS-Pg"
"Level 2","PLATINUM","Floor Exercise","Chasse split leap","VERIFIED","40","A","Gymfest L2 Platinum Floor","Gymfest Level 2 Platinum: Chassé step connected immediately into dynamic split leap in air.","Fluid connection | Hit split at apex | Chest upright","1. Execute forward chassé. 2. Brush front foot through low battement into grand jeté. 3. Split legs in air and absorb landing in plie.","Pausing between chassé and leap | Bent knees","Chasse Connected to Split Leap Tutorial","Nicole Ferrier","https://www.youtube.com/watch?v=8ibt-SHYepI"
"Level 2","PLATINUM","Floor Exercise","Bridge kick over","VERIFIED","40","A","Gymfest L2 Platinum Floor","Gymfest Level 2 Platinum: Push into bridge, kick dominant leg overhead with open shoulders, landing in controlled lunge.","Push shoulders over hands | Kick with straight knee | Stand tall into lunge","1. Push into high bridge with open shoulders. 2. Push off supporting foot and drive lead leg overhead. 3. Pass through split handstand. 4. Step down into finish lunge.","Closed shoulders | Bending kick leg","How to do a BRIDGE KICKOVER at home!","MGA Gymnastics","https://www.youtube.com/watch?v=hde3jd_8yb8"
"Level 2","SILVER","Vault","Running hand stand flat back","VERIFIED","40","A","Gymfest Level 2 Vault","Gymfest Level 2 Vault (Page 2): Accelerated approach run, hurdle punch springboard into tight handstand falling to flat back on mat stack.","Heel drive into board | Straight arms | Fall flat like a board","1. Sprint down runway with speed. 2. Punch springboard with feet together. 3. Drive heels into vertical handstand on mat stack. 4. Fall straight onto back with tight core.","Arching lower back on impact | Bending elbows","Running Handstand Flatback over Vault Progression","Gym South","https://www.youtube.com/watch?v=Zxbs4Jgw-3g"
"Level 3","SILVER","Floor Exercise","Hand stand forward roll (hold handstand for 2 to 3 seconds).","IN_PROGRESS","45","A","Gymfest L3 Floor","Gymfest Level 3: Kick into vertical handstand, hold stationary for 2 to 3 seconds, tuck chin and roll out to stand.","Hold vertical 2-3s | Tuck chin before rolling | Stand up tall","1. Kick into vertical handstand. 2. Hold stationary for 2-3 seconds with squeezed glutes. 3. Bend arms slowly, tuck chin to chest and roll along spine. 4. Stand tall without hands pushing off floor.","Rolling before holding handstand | Flat back impact","Handstand Hold (2-3s) to Forward Roll Tutorial","Anna McNulty","https://www.youtube.com/watch?v=PFqKbqRGUyY"
"Level 3","SILVER","Floor Exercise","Straight jump and split jump in a spot","VERIFIED","40","A","Gymfest L3 Floor","Gymfest Level 3: Vertical straight jump connected on the spot to split jump with equal leg separation.","Continuous rebound | Equal split front and back | Stick landing","1. Plie into vertical straight jump. 2. Upon landing, rebound immediately into split jump in air. 3. Land softly in demi-plié with chest upright.","Pausing between jumps | Uneven leg split","Straight Jump to Split Jump Connection on Spot","Anna McNulty","https://www.youtube.com/watch?v=ng0TU-tUEw0"
"Level 3","SILVER","Floor Exercise","Hand stand to bridge kickover","VERIFIED","45","A","Gymfest L3 Floor","Gymfest Level 3: Controlled vertical handstand lowered softly into bridge, followed immediately by kickover to lunge.","Hold handstand 1s | Open shoulders in bridge | Kick with straight knee","1. Kick to handstand. 2. Lower feet softly to mat into bridge. 3. Without pausing, push off floor and kick over to lunge.","Crashing feet in bridge | Stuck in bridge","Gymnastics Handstand Bridge Kickover Tutorial","Incredible Gymnasts!","https://www.youtube.com/watch?v=iCFw0hYwa0A"
"Level 3","SILVER","Floor Exercise","Side split on the floor","VERIFIED","40","A","Gymfest L3 Floor","Gymfest Level 3: Full side (straddle) split flat on the floor with straight knees and pointed toes.","Straight knees | Toes pointed | Hips aligned","1. Slide feet outward along straight line into side split. 2. Keep knees facing upward or forward with toes pointed. 3. Hold flat position with upright torso.","Rolling knees forward | Bent knees","How to Get Flat Side Splits Fast","Anna McNulty","https://www.youtube.com/watch?v=ng0TU-tUEw0"
"Level 3","SILVER","Floor Exercise","Half turn","VERIFIED","35","A","Gymfest L3 Floor","Gymfest Level 3: 180° pivot turn on one foot in high relevé with pointed passé foot.","High relevé | Spot the turn | Engage core","1. Step into high relevé. 2. Pivot 180° on ball of foot. 3. Finish in locked relevé before lowering heel.","Dropping heel | Wobbly arms","Half Turn on Releve Gymnastics Dance","Altadore Gymnastic Club","https://www.youtube.com/watch?v=5S4EOgtS-Pg"
"Level 3","SILVER","Floor Exercise","Roundoff to bridge kickover","IN_PROGRESS","45","A","Gymfest L3 Silver Floor","Gymfest Level 3 Silver: Rebounding round-off finishing into back bridge and immediate kickover to lunge.","Fast snap down | Control bridge entry | Dynamic kickover","1. Hurdle into powerful round-off. 2. Snap down and rebound softly back into bridge. 3. Immediately kick over with lead leg into finish lunge.","Crashing onto back | Hesitation in bridge","Roundoff to Bridge Kickover Gymnastics Drill","Emily Smith","https://www.youtube.com/watch?v=TaV8TBELBLc"
"Level 3","SILVER","Floor Exercise","Roundoff backhand spring","IN_PROGRESS","50","A","Gymfest L3 Floor","Gymfest Level 3: Accelerated hurdle into snapping round-off connected immediately to back handspring.","Fast snap down | Sit back on rebound | Explosive shoulder block","1. Run and hurdle into round-off with aggressive snap down. 2. Rebound backward immediately, arms reaching past ears. 3. Block through palms and snap feet to floor in rebound.","Hesitation between skills | Piking hips on BHS | Bent arms","Roundoff Back Handspring Tutorial & Tumbling Drills","Syd the Yogi","https://www.youtube.com/watch?v=PZQmDXztYME"
"Level 3","GOLD","Floor Exercise","Front walkover","VERIFIED","45","A","Gymfest L3 Gold Floor","Gymfest Level 3 Gold: Lunge forward, hands to floor, kick through 180° split handstand, stepping lead foot into bridge and standing up.","Full 180 split in air | Push hips forward to stand | Arms stay by ears","1. Lunge forward, reach hands to floor. 2. Kick through 180° split handstand. 3. Step lead foot down into high bridge and push hips forward to stand.","Short split | Head lifting early on standup","How to Do a Front Walkover Step-by-Step","Fit And Fun With Coach Meggin","https://www.youtube.com/watch?v=TXmAMLif1D4"
"Level 3","GOLD","Floor Exercise","Roundoff back limber / roundoff stop and handspring","IN_PROGRESS","50","A","Gymfest L3 Gold Floor","Gymfest Level 3 Gold: Round-off connected to back limber or round-off with controlled stop into standing back handspring.","Fast round-off | Open shoulders on limber | Aggressive shoulder block","1. Hurdle into round-off. 2. Execute back limber into bridge or pause and jump into standing back handspring. 3. Finish tall in lunge.","Collapsing arms | Crooked hand placement","Roundoff Back Limber & Handspring Drills","Anna McNulty","https://www.youtube.com/watch?v=KkdRT_6ODRI"
"Level 3","SILVER","Vault","Running handspring over the big mat","NOT_COMPLETED","50","A","Gymfest Level 3 Vault","Gymfest Level 3 Vault (Page 2): Accelerated run, punch springboard, handspring repulsion over mat stack onto landing mat.","Accelerate to board | Fast shoulder block | Stick landing firmly","1. Fast sprint down runway. 2. Punch springboard with arms driving backward to forward. 3. Block off mat stack through shoulders. 4. Fly into stuck landing on feet.","Bending elbows on block | Piking hips on landing","Running Handspring over Vault Mat Progression","Saving Tenths","https://www.youtube.com/watch?v=rjG9jb_m8bI"
"Level 4","SILVER","Floor Exercise","Back Walkover","VERIFIED","50","A","Gymfest L4 Floor","Gymfest Level 4: Lift lead leg, arch backward placing hands on floor, kick through 180° split into locked lunge.","Lift leg before arching | Arms glued to ears | Full split overhead","1. Stand in tall lunge with arms by ears. 2. Lift lead leg and arch backward. 3. Place hands on floor, kick back leg through full 180° split. 4. Step down into finish lunge.","Bending kick leg | Hands landing unevenly","How to Do a Back Walkover Step by Step","Gymnastics HQ","https://www.youtube.com/watch?v=Y3eM_p8WJto"
"Level 4","SILVER","Floor Exercise","Front handspring stepout To Cartwheel","IN_PROGRESS","55","A","Gymfest L4 Floor","Gymfest Level 4: Accelerated front handspring step-out connected immediately into smooth cartwheel.","Fast shoulder block | Fluid step-out into cartwheel | Clean finish lunge","1. Hurdle into front handspring. 2. Block through shoulders, step out with lead foot. 3. Immediately reach into cartwheel without pause. 4. Finish in balanced lunge.","Pausing between skills | Bent arms on handspring","Front Handspring Step Out to Cartwheel Connection","Fit And Fun With Coach Meggin","https://www.youtube.com/watch?v=TXmAMLif1D4"
"Level 4","SILVER","Floor Exercise","Back ward roll to Hand stand","IN_PROGRESS","55","A","Gymfest L4 Floor","Gymfest Level 4: Backward roll with fast hip extension, pushing straight arms up into vertical handstand.","Drive toes straight up | Lock elbows | Hit vertical handstand line","1. Roll backward with hands by ears. 2. Drive toes straight up to ceiling. 3. Push through palms, locking arms into vertical handstand. 4. Step down with control.","Bending elbows | Piking hips on descent","Back Extension Roll to Handstand Tutorial","eHowSports","https://www.youtube.com/watch?v=LYNLFv_JRZQ"
"Level 4","SILVER","Floor Exercise","Half twist (180% turn)","VERIFIED","40","A","Gymfest L4 Floor","Gymfest Level 4: Jump or pivot executing 180° longitudinal twist in air or on high relevé with clean finish.","Jump before twisting | Wrap arms tight | Stick landing","1. Plie and jump vertically. 2. Initiate 180° twist from hips and core at apex. 3. Land in demi-plié with control.","Twisting off the floor | Over-rotating","Half Twist 180 Degree Turn Gymnastics Tutorial","Altadore Gymnastic Club","https://www.youtube.com/watch?v=5S4EOgtS-Pg"
"Level 4","SILVER","Floor Exercise","Running leap jump","VERIFIED","45","A","Gymfest L4 Floor","Gymfest Level 4: Accelerated running approach into dynamic grand jeté split leap.","Brush foot along floor | Split at apex | Chest upright","1. Continuous running steps. 2. Brush front leg aggressively while pushing off back foot. 3. Hit split at apex of jump. 4. Land softly in demi-plié.","Chest dropped forward | Bent rear knee","How to do a Split Leap (Gymnastics Tutorial)","Nicole Ferrier","https://www.youtube.com/watch?v=8ibt-SHYepI"
"Level 4","SILVER","Floor Exercise","Straddle Jump","VERIFIED","45","A","Gymfest L4 Floor","Gymfest Level 4: Explosive vertical jump from two feet, opening legs into wide straddle split with chest upright.","Chest high | Point toes | Snap legs together to land","1. Demi-plié swinging arms back to front. 2. Explode vertically, driving legs wide into straddle with toes pointed. 3. Pull legs together quickly on descent to stick landing.","Leaning chest forward | Bent knees","Gymnastics How To: Straddle Jump","Shannon Miller","https://www.youtube.com/watch?v=6wrtA6TcWJ8"
"Level 4","SILVER","Floor Exercise","Sidesplit to forward split","VERIFIED","45","A","Gymfest L4 Floor","Gymfest Level 4: Flat side (straddle) split transition smoothly pivoting hips into flat forward split.","Smooth hip pivot | Square hips in forward split | Chest upright","1. Lower into flat side split. 2. Turn torso and hips 90° smoothly into forward split without standing up. 3. Hold clean forward split with square hips.","Standing up during transition | Crooked hips","Side Split to Forward Split Transition Flexibility","Anna McNulty","https://www.youtube.com/watch?v=ng0TU-tUEw0"
"Level 4","SILVER","Floor Exercise","Full turn on one foot","VERIFIED","45","A","Gymfest L4 Floor","Gymfest Level 4: 360° rotation on single supporting foot in high relevé with free leg in passé.","High relevé on big toe | Snap head in spot | Hold finish 1s","1. Plie preparation with arms curved. 2. Press into high relevé, snapping free foot to passé. 3. Spot wall, whip head 360° to lock landing spot. 4. Finish with control on relevé before lowering heel.","Dropping heel mid-turn | Losing spot","Full Turn on One Foot | Controlled Releve Landing","Altadore Gymnastic Club","https://www.youtube.com/watch?v=5S4EOgtS-Pg"
"Level 4","GOLD","Floor Exercise","Roundoff backhand spring backhand spring (they can be a stop in between)","IN_PROGRESS","60","A","Gymfest L4 Gold Floor","Gymfest Level 4 Gold: Round-off connected to two back handsprings (continuous or with a brief pause in between).","Fast round-off snap | Powerful shoulder block | Accelerate through series","1. Hurdle into round-off. 2. Snap down into first back handspring. 3. Rebound into second back handspring (or brief stop then second BHS). 4. Rebound tall into stick.","Bent elbows | Undercutting jump","Roundoff Back Handspring Series Breakdown","Syd the Yogi","https://www.youtube.com/watch?v=PZQmDXztYME"
"Level 4","PLATINUM","Floor Exercise","Back extension roll","VERIFIED","55","A","Gymfest L4 Platinum Floor","Gymfest Level 4 Platinum: Straight arm backward roll with fast hip drive pushing through vertical handstand.","Straight arms locked | Drive toes to ceiling | Push hard through palms","1. Roll backward with straight arms and hands ready by ears. 2. Push hard through palms, extending hips to vertical handstand. 3. Step down into lunge.","Bending elbows | Low hip extension","Straight-Armed Back Extension Roll Tutorial","holtstumblingclinic","https://www.youtube.com/watch?v=a1mVzDjll1w"
"Level 4","PLATINUM","Floor Exercise","Straddle Jump with 120 degree split","VERIFIED","55","A","Gymfest L4 Platinum Floor","Gymfest Level 4 Platinum: High vertical straddle jump achieving minimum 120° leg separation at apex.","Hit 120 split at apex | Chest upright | Point toes","1. Explode straight upward from demi-plié. 2. Drive legs wide hitting 120° split with chest upright. 3. Pull legs together on descent and stick.","Split less than 120° | Dropping chest forward","Straddle Jump (120 Degree Split) Tutorial","Shannon Miller","https://www.youtube.com/watch?v=6wrtA6TcWJ8"
"Level 4","PLATINUM","Floor Exercise","Roundoff backhand spring backhand spring","IN_PROGRESS","65","A","Gymfest L4 Platinum Floor","Gymfest Level 4 Platinum: Round-off connected directly and continuously into two accelerated back handsprings.","Continuous fluid rhythm | Lock elbows on block | High rebound finish","1. Hurdle into snapping round-off. 2. Rebound immediately into first back handspring. 3. Block through shoulders into second back handspring without pause. 4. Rebound high into stuck landing.","Hesitation between handsprings | Short undercutting jump","Continuous Roundoff Back Handspring Series","Syd the Yogi","https://www.youtube.com/watch?v=PZQmDXztYME"
"Level 4","SILVER","Vault","Running handspring on the vault","NOT_COMPLETED","60","A","Gymfest Level 4 Vault","Gymfest Level 4 Vault (Page 2): Full sprint approach, punch springboard, pre-flight onto vault table, shoulder repulsion into post-flight landing on feet.","Full sprint acceleration | Fast shoulder block off table | Stick landing firmly","1. Sprint with maximum acceleration down runway. 2. Punch springboard into straight pre-flight angle to table. 3. Block explosively through shoulders on contact. 4. Fly through post-flight and stick on landing mat.","Bending elbows on table | Piking hips on block","Running Handspring on Vault Table Tutorial","Saving Tenths","https://www.youtube.com/watch?v=rjG9jb_m8bI"
"Level 5","GOLD","Floor Exercise","Aeriel cartwheel","NOT_COMPLETED","85","B","Gymfest L5 Gold Floor","Gymfest Level 5 Gold: Cartwheel performed with no hand support in air, explosive hurdle and leg whip to controlled landing.","Deep hurdle drive | Violent back leg whip | Stay upright on landing","1. Take deep hurdle step with chest driving forward. 2. Drive lead leg into floor and whip back leg violently overhead. 3. Rotate through vertical straddle without hands touching. 4. Land softly in lunge.","Touching hands down in panic | Piking hips sideways","Elite Gymnast Explains SIDE AERIAL! You got this.","Sophia Campana","https://www.youtube.com/watch?v=XCHPaHDf12w"
"Level 5","GOLD","Floor Exercise","Front walk over, front Walkover","VERIFIED","80","A","Gymfest L5 Floor","Gymfest Level 5: Two connected front walkovers showing fluid step-out and continuous momentum.","Continuous fluid rhythm | Open shoulders | Full split in air","1. Perform first front walkover with 180° split. 2. As lead foot lands, step directly into second front walkover. 3. Stand up tall in finish lunge.","Pausing between walkovers | Bent knees","Connected Front Walkovers Technique","Fit And Fun With Coach Meggin","https://www.youtube.com/watch?v=TXmAMLif1D4"
"Level 5","GOLD","Floor Exercise","Backward extension roll","NOT_COMPLETED","80","B","Gymfest L5 Floor","Gymfest Level 5: Straight arm backward roll with explosive hip extension directly to vertical handstand.","Straight arms locked | Drive heels to ceiling | Lock core in handstand","1. Roll backward with arms locked straight. 2. Push forcefully through palms, driving heels to ceiling. 3. Lock into vertical handstand line before stepping down.","Bending elbows | Piking hips on handstand","Straight-Armed Back Extension Roll Tutorial: BEST Drills","holtstumblingclinic","https://www.youtube.com/watch?v=a1mVzDjll1w"
"Level 5","GOLD","Floor Exercise","Full twist (360% turn).","VERIFIED","75","A","Gymfest L5 Floor","Gymfest Level 5: 360° longitudinal twist jump in air or turn on high relevé with sharp spotting.","Jump UP before twisting | Wrap arms tight | Spot landing","1. Plie and jump straight upward. 2. Wrap arms tightly across chest at apex to complete 360° twist. 3. Spot landing and stick in demi-plié.","Twisting off the floor | Incomplete rotation","Full Twist 360 Turn Gymnastics Tutorial","Altadore Gymnastic Club","https://www.youtube.com/watch?v=5S4EOgtS-Pg"
"Level 5","GOLD","Floor Exercise","Switch kick","IN_PROGRESS","75","A","Gymfest L5 Gold Floor","Gymfest Level 5 Gold: Swing lead leg forward to 45°, quickly scissor-switch legs in mid-air with pointed toes.","Fast scissor switch | Chest upright | Point both toes","1. Step forward with upright posture. 2. Swing lead leg to 45° with straight knee. 3. Scissor legs quickly in air. 4. Land softly on front foot in demi-plié.","Dropping chest forward | Bent back leg","Switch Kick & Switch Leap Tutorial","Tamara Gymnastics","https://www.youtube.com/watch?v=f_6g8u4qX3o"
"Level 5","GOLD","Floor Exercise","Front split on the floor","VERIFIED","70","A","Gymfest L5 Floor","Gymfest Level 5: Flat forward split on the floor with hips square and chest held upright.","Square hips to front | Chest upright | Point toes","1. Slide front leg forward and back leg straight behind. 2. Square hips to front wall with torso upright. 3. Hold flat position with toes pointed.","Twisting hips open | Bent back knee","How to Get Flat Front Splits Fast","Anna McNulty","https://www.youtube.com/watch?v=ng0TU-tUEw0"
"Level 5","GOLD","Floor Exercise","Full turn on one foot (360%).","VERIFIED","75","A","Gymfest L5 Floor","Gymfest Level 5: 360° pirouette on high relevé on one foot with free leg in passé.","High relevé | Fast head spot | Hold finish 1s","1. Plie in preparation. 2. Rise to high relevé on supporting foot, snapping free foot to passé. 3. Spot wall, whip head 360° to lock landing spot. 4. Finish tall on relevé.","Dropping heel | Losing spot","Full Turn on One Foot (360) Tutorial","Altadore Gymnastic Club","https://www.youtube.com/watch?v=5S4EOgtS-Pg"
"Level 5","GOLD","Floor Exercise","Round off to back tuck.","NOT_COMPLETED","90","B","Gymfest L5 Gold Floor","Gymfest Level 5 Gold: Round-off with aggressive snap down, rebounding directly into backward tucked salto to stick.","Drive chest UP on takeoff | Tuck tight around shins | Spot floor and stick landing","1. Hurdle into round-off with powerful snap down. 2. Punch floor, driving chest and arms straight up into air. 3. Pull knees to chest in tight tuck, rotating 360° backward. 4. Spot floor, open tuck and stick firmly.","Throwing head back on takeoff | Under-rotating","Mastering the Back Tuck | Step-by-Step Gymnastics Tutorial","ChloeD_Gymnast","https://www.youtube.com/watch?v=bYAbf0Ep6rk"
"Level 5","PLATINUM","Floor Exercise","Front tuck / Front aeriel","NOT_COMPLETED","90","B","Gymfest L5 Platinum Floor","Gymfest Level 5 Platinum: Forward punch somersault in tuck position (punch front) or forward aerial walkover.","Punch hard off toes | Lift hips over shoulders | Tuck tight and stick","1. Accelerated run into low hurdle punch. 2. Punch balls of feet, driving arms and hips upward. 3. Tuck knees to chest tightly. 4. Spot floor, open and stick landing with chest high.","Diving forward with low hips | Cowboying knees wide","How to Do a Punch Front (Front Tuck) | Floor Gymnastics","Gymnastics Method","https://www.youtube.com/watch?v=u7B8_p91X2m"
"Level 5","PLATINUM","Floor Exercise","Switch kick to Split jump","IN_PROGRESS","85","B","Gymfest L5 Platinum Floor","Gymfest Level 5 Platinum: Switch kick connected directly into stationary split jump in air.","Fast scissor switch | Immediate rebound | Equal split","1. Perform switch kick in air. 2. Land on front foot in plie and rebound immediately into split jump. 3. Absorb landing in clean demi-plié.","Pausing between jumps | Uneven leg split","Switch Kick to Split Jump Connection Tutorial","Tamara Gymnastics","https://www.youtube.com/watch?v=f_6g8u4qX3o"
"Level 5","PLATINUM","Floor Exercise","Round off to back hand spring to back tuck.","NOT_COMPLETED","95","B","Gymfest L5 Platinum Floor","Gymfest Level 5 Platinum: Accelerated round-off connected to back handspring, rebounding into high backward tucked salto to stick.","Fast handspring into punch | Drive chest UP on takeoff | Tuck tight around shins | Stick landing","1. Sprint into snapping round-off. 2. Rebound immediately into fast, long back handspring. 3. Punch floor with toes, driving chest straight up into air. 4. Tuck knees to chest, rotate 360°, open body and stick.","Throwing head back | Slow back handspring robbing height | Under-rotating","Round-Off Back Handspring Back Tuck Gymnastics Tutorial","Precision Gymnastics","https://www.youtube.com/watch?v=h8L2vQ5M9_4"
"Level 5","GOLD","Vault","Running handspring on the vault","NOT_COMPLETED","95","B","Gymfest Level 5 Vault","Gymfest Level 5 Vault (Page 2): Full sprint approach, punch springboard, pre-flight onto vault table, shoulder repulsion into post-flight landing on feet.","Full sprint acceleration | Fast shoulder block off table | Stay completely hollow | Stick landing firmly","1. Sprint with maximum velocity down runway. 2. Punch springboard into straight pre-flight angle. 3. Block explosively through shoulders on contact with table. 4. Fly through post-flight and stick firmly.","Piking on table | Bending elbows during contact","Gymnastics Vault - Handspring Front","Rick McCharles","https://www.youtube.com/watch?v=Xg0F7SpWT04"
"Level 6","PLATINUM","Floor Exercise","Running round off back layout","NOT_COMPLETED","120","B","Gymfest L6 Platinum Floor","Gymfest Level 6 Platinum: Accelerated round-off back handspring into straight-body backward somersault (layout) without hip bend.","Punch straight UP | Hold body straight like a pencil | Spot floor and stick","1. Accelerate into round-off back handspring. 2. Punch floor vertically, driving arms straight overhead. 3. Maintain rigid straight-body hollow line throughout entire 360° backward rotation. 4. Spot floor and stick landing cleanly.","Bending knees | Piking at hips | Throwing head back","Back Layout on Floor | Gymnastics Acrobatics","Eureka Gymnastics Club","https://www.youtube.com/watch?v=DSckWbWDKWA"
"Level 6","PLATINUM","Floor Exercise","A dance passage with minimum of two different leaps, jumps, hop. 1 must be 180 split","NOT_COMPLETED","110","B","Gymfest L6 Dance Passage Requirement","Gymfest Level 6 Platinum: Dance passage with minimum of 2 different leaps, jumps, or hops directly or indirectly connected, with at least one hitting full 180° split.","Full 180 split at peak | Continuous movement | Upright posture","1. Connect two distinct dance elements with continuous rhythm. 2. Achieve full 180° cross or side split on at least one element. 3. Land softly in plie and step out with elegance.","Split under 180° | Pausing between dance skills","Floor Dance Passage Series Tutorial (180 Split)","Tamara Gymnastics","https://www.youtube.com/watch?v=f_6g8u4qX3o"
"Level 6","PLATINUM","Floor Exercise","A 360 degree turn on one foot","VERIFIED","100","A","Gymfest L6 Turn Requirement","Gymfest Level 6 Platinum: 360° turn on single support leg in high relevé with pointed passé foot.","Highest relevé possible | Spot the turn | Tight core","1. Plie into preparation. 2. Rise to high relevé on supporting foot, snapping free foot to passé. 3. Spot wall, whip head 360° and lock landing spot. 4. Finish with control on relevé.","Dropping heel mid-turn | Incomplete rotation","360 Degree Turn on One Foot in Relevé","Altadore Gymnastic Club","https://www.youtube.com/watch?v=5S4EOgtS-Pg"
"Level 6","PLATINUM","Floor Exercise","1 salto or Aerial acro element","NOT_COMPLETED","110","B","Gymfest L6 Acro Element","Gymfest Level 6 Platinum: Acro pass featuring an aerial cartwheel, aerial walkover, or punch salto with stuck landing.","Maximum flight height | Clean rotation | Stick landing","1. Accelerate into acro element. 2. Execute no-handed aerial or punch salto with full rotation. 3. Spot landing and stick in demi-plié.","Touching hands down | Under-rotating","Side Aerial & Salto Acro Elements on Floor","Sophia Campana","https://www.youtube.com/watch?v=XCHPaHDf12w"
"Level 6","PLATINUM","Floor Exercise","Hand spring front tuck","NOT_COMPLETED","120","B","Gymfest L6 Platinum Floor","Gymfest Level 6 Platinum: Front handspring step-out rebounding directly into forward tucked punch salto.","Fast handspring block | Immediate punch rebound | Tuck tight around shins","1. Hurdle into front handspring. 2. Block off hands and punch floor balls of feet. 3. Drive arms and hips up into front tuck somersault. 4. Spot floor, open and stick.","Hesitation on punch | Low hip elevation","Front Handspring into Front Tuck Gymnastics Tutorial","ringsking","https://www.youtube.com/watch?v=0CbixcHrSVc"
"Level 6","PLATINUM","Vault","Front handspring 1/2 turn / Round off","NOT_COMPLETED","130","B","Gymfest Level 6 Vault","Gymfest Level 6 Vault (Page 1): Front handspring with 180° twist off table (half-off vault) or round-off onto springboard table entry.","Block first then twist | Spot vault table on landing | Stick with locked knees","1. Sprint down runway with top speed. 2. Punch springboard into straight pre-flight. 3. Block off table through shoulders, initiating 1/2 twist from core. 4. Spot table and stick landing facing back.","Twisting before blocking | Piking hips during twist","Front Handspring on Vault Progression (Half-Off)","Owatonna Gymnastics Club","https://www.youtube.com/watch?v=nmzGNpvBMKM"
"Level 7","PLATINUM","Floor Exercise","Handspring front salto in the layout position / Running front layout","NOT_COMPLETED","150","C","Gymfest L7 Platinum Floor","Gymfest Level 7 Platinum: Running approach or front handspring connected into straight-body forward punch layout salto to stick.","Lift hips high over head | Lock body straight | Stick landing with chest high","1. Sprint forward into low, aggressive hurdle punch. 2. Drive arms and chest upward into high forward trajectory. 3. Maintain hollow straight alignment as hips rotate forward over shoulders. 4. Spot floor on descent and stick landing softly.","Piking at hips | Diving forward low to mat","How To Do A Front Layout (Gymnastics Tutorial)","Gyminny Kids","https://www.youtube.com/watch?v=k6-3pXjnqis"
"Level 7","PLATINUM","Vault","Front handspring Full turn / Round off","NOT_COMPLETED","160","C","Gymfest Level 7 Vault","Gymfest Level 7 Vault (Page 1): Front handspring repulsion off table with complete 360° longitudinal twist (full-twist off table) or Tsukahara round-off entry.","Explosive repulsion block | Wrap arms across chest for full twist | Spot landing mat to stick","1. Maximum speed runway sprint. 2. Punch springboard into strong pre-flight. 3. Block through shoulders off vault table. 4. Execute full 360° longitudinal twist in post-flight before sticking on mat.","Twisting on table prematurely | Under-twisting on landing","Front Handspring Full Turn & Yurchenko Drills on Vault","Nick Blanton","https://www.youtube.com/watch?v=eMB2go49_YE"
"Level 8","PLATINUM","Floor Exercise","Optional Routine","NOT_COMPLETED","200","C","Gymfest Level 8 Optional Floor Routine","Gymfest Level 8 Platinum: Complete optional floor exercise routine choreography meeting all composition requirements: multiple saltos, 180° dance passage, and 360° turn.","Artistry and presentation | High execution tumbling | Stuck landings throughout","1. Perform introductory choreography to music. 2. Execute primary tumbling pass (e.g. RO-BHS-Layout Full). 3. Perform connected dance passage with 180° split leap. 4. Execute secondary acro pass and stick finish salute.","Loss of rhythm with music | Stepping out of bounds","Optional Floor Routine Composition & Tumbling Passes","The Pro Cheerleader","https://www.youtube.com/watch?v=Pu4RE7h1tPw"
"Level 8","PLATINUM","Vault","Tsukahara / Yurchenko","NOT_COMPLETED","200","C","Gymfest Level 8 Vault","Gymfest Level 8 Vault (Page 1): Tsukahara (1/4 to 1/2 turn entry into back salto) or Yurchenko (round-off onto board, back handspring onto table into post-flight salto).","Fast runway sprint | Violent repulsion block off table | Hold tight hollow post-flight","1. Run with top speed down runway. 2. Execute round-off onto board (Yurchenko) or 1/2 turn entry (Tsukahara). 3. Block violently through shoulders off vault table. 4. Fly into backward layout somersault and stick on landing mat.","Slow hurdle punch | Collapsing arms on table","Tsuk Vault Drills Progression & Journey","Alizé Lee","https://www.youtube.com/watch?v=8QvztPNJwCc"
"Level 1","BRONZE","Uneven Bars","Cast to 20° (Hips Lifting off Bar)","VERIFIED","25","A","USAG L1 Bars Element #1","Front support on low bar, lean shoulders forward, drive legs back and hollow core to elevate hips 20° off bar.","Lock elbows straight | Hollow chest | Keep toes pointed together","1. Start in locked front support with straight arms. 2. Shift shoulders slightly forward over the bar. 3. Drive feet and hips back into a tight hollow cast. 4. Return smoothly to front support without banging thighs.","Bending elbows | Arching back on cast | Piking too early on return","How to Cast on Bars | Beginner Drills","Gymnastics Method","https://www.youtube.com/watch?v=K3gM33g2W1I"
"Level 1","BRONZE","Uneven Bars","Straight Arm Hang to Candlestick Hold","VERIFIED","25","A","USAG L1 Bars Element #2","Straight arm hang from high or low bar, lift straight legs upward into inverted candlestick position with toes to bar.","Active shoulders | Straight knees | Control the descent","1. Hang with overhand grip with shoulders active. 2. Engage lats and lift legs with straight knees. 3. Raise hips to bar level holding tight vertical body line. 4. Lower with controlled eccentric strength.","Swinging excessively | Bending knees | Dropping down abruptly","Bar Core & Hanging Candlestick Drills","Shift Movement Science","https://www.youtube.com/watch?v=b5mN40Rj9bA"
"Level 2","BRONZE","Uneven Bars","Pullover to Front Support","VERIFIED","30","A","USAG-SLV-UB-02","Chin-up arm flexion, dynamic leg drive overhead pulling hips to bar, and wrist shift into front support.","Chin to bar first | Pull hips into bar | Shift wrists on top | Tall locked chest","1. Hang with overgrip, initiate with a strong flexed-arm chin pull bringing chin over bar. 2. Drive knees or straight legs overhead, pulling hips tight against the bar. 3. Rotate hips over the bar while shifting wrists from hang to front support position. 4. Push tall into locked front support with shoulders over bar and legs tight.","Arms straightening during kickover | Hips drifting away from bar | Failing to roll wrists forward","How to Do a Pullover on Bars | Gymnastics Step by Step","Head Over Heels Gymnastics","https://www.youtube.com/watch?v=e9K3p7vX6v8"
"Level 2","BRONZE","Uneven Bars","Cast to 30° with Straight Body","VERIFIED","30","A","USAG L2 Bars Element #2","Front support cast elevating hips 30° above bar with tight hollow posture and locked arms.","Kick heels up | Eyes on bar | Lock elbows","1. Hold front support with arms locked. 2. Dip hips and kick heels back and up. 3. Hit 30° hollow line with eyes on bar. 4. Absorb back to bar in front support.","Arching back | Bending elbows","Casting Drills for Level 2 Bars","Gymnastics Method","https://www.youtube.com/watch?v=K3gM33g2W1I"
"Level 2","BRONZE","Uneven Bars","Back Hip Circle","VERIFIED","35","A","USAG-SLV-UB-04","Small cast away from bar, snap hips into bar, rotate backward 360° around bar returning to front support.","Glue hips to the bar | Head neutral (look at toes) | Fast wrist shift on top | Stay stiff like a pencil","1. Perform a preliminary cast to clear hips from bar. 2. As body returns, glue thighs/hips to the bar with head neutral and body straight. 3. Drop backward like a statue, using momentum to rotate 360° around the bar. 4. Shift wrists dynamically on top to finish in tall front support.","Throwing head back | Hips peeling away mid-circle | Bending knees","How to do a Back Hip Circle | Step-by-Step Gymnastics Tutorial","Tamara Gymnastics","https://www.youtube.com/watch?v=U8W32qg-n9I"
"Level 3","SILVER","Uneven Bars","Glide Swing with Extension","IN_PROGRESS","40","A","USAG-SLV-UB-01","Jump to overgrip on low bar, pike glide forward inches off mat, fully open body line at peak, and swing back.","Straight arms locked | Pike on way out | Shoot toes forward at full extension | Keep chin neutral","1. Stand arm distance behind low bar, jump forward to catch bar with overhand grip. 2. Pike legs smoothly at hips with straight knees, sliding toes just inches off the floor mat. 3. At peak forward swing, open shoulders and extend hips fully into an open hollow body line. 4. Pull heels and hips back toward bar on backswing with straight arms engaged.","Bending knees during glide | Feet scraping the floor | Failing to extend at forward peak","How to Master the Glide Swing on Bars | Key Drills","Shift Movement Science","https://www.youtube.com/watch?v=b5mN40Rj9bA"
"Level 3","SILVER","Uneven Bars","Cast to 30°-45° (Hips Clear of Bar)","IN_PROGRESS","40","A","USAG-SLV-UB-03","From front support, drive heels backward-upward with straight arms, elevating hips 30° to 45° off the bar.","Press down with palms | Straight elbows locked | Drive with toes | Keep chest hollow","1. Begin in locked front support with straight arms and rounded upper back. 2. Bend slightly at the hips to load momentum while keeping arms locked straight. 3. Explosively drive toes and heels backward and upward while pressing downward with hands. 4. Reach a minimum 30° angle with hips clear of the bar before returning softly.","Bent elbows absorbing power | Arching back instead of hollow cast | Hips remaining touching the bar","How to Cast on Uneven Bars | Level 3 & Silver Cast Drills","Gymnast Care","https://www.youtube.com/watch?v=Wp_YxT7j8M4"
"Level 3","SILVER","Uneven Bars","Undershoot Dismount (Sole Circle / Cast Prep)","IN_PROGRESS","40","A","USAG-SLV-UB-05","Cast from front support, pike hips underneath the bar, open into hollow arch dismount over mat.","Push bar away on cast | Hollow drop | Shoot feet to the ceiling | Spot the landing mat","1. Execute a cast to 30°, then drop into an undershoot under the bar keeping hips close. 2. Maintain eye contact with feet as body swings forward under the bar. 3. Shoot toes up toward ceiling and release bar with both hands simultaneously. 4. Land softly in demi-plié with chest upright and stick without stepping.","Releasing too early or late | Piking on landing | Cowboying knees on dismount","Undershoot Dismount Tutorial | Level 3 Uneven Bars","Gymnastics HQ","https://www.youtube.com/watch?v=Kz99HwL2W_g"
"Level 4","GOLD","Uneven Bars","Glide Kip on Low Bar","IN_PROGRESS","55","A","USAG-GLD-UB-01","Piked glide forward, toes snap to bar at extension, dynamic hip drive pulling bar to waist into front support.","Big open glide at the front | Toes to bar fast on return | Shins slide the bar | Wrist shift on top!","1. Jump from mat into a long, powerful glide swing with legs straight and toes off floor. 2. Extend fully at forward peak, opening chest and hips into hollow body. 3. On backswing, pull toes rapidly to the bar while keeping arms straight. 4. Slide shins up the bar, shift wrists aggressively over bar and press tall into front support.","Piking on forward glide | Bending elbows when pulling toes up | Failing to roll wrists forward","How to Do a Kip on Uneven Bars | The Ultimate Coaching Guide","Shift Movement Science","https://www.youtube.com/watch?v=13jU2p5fB9A"
"Level 4","GOLD","Uneven Bars","Cast to Horizontal (Min Above 0°)","NOT_COMPLETED","50","A","USAG-GLD-UB-02","Dynamic heel drive from front support with shoulders over rail, elevating straight body line to horizontal (0°-15°).","Push down hard through palms | Straight elbows never bend | Drive heels above horizontal | Keep core locked","1. Start in high front support with straight arms and rounded hollow upper body. 2. Load with a slight hip drop without bending elbows. 3. Press downward with palms while driving heels and toes upward past horizontal. 4. Hit horizontal line with toes pointed and return smoothly to bar.","Casting below horizontal | Arched back casting | Bent arms","How to Cast to Horizontal and Handstand | Bars Drills","Gymnast Care","https://www.youtube.com/watch?v=K6F9Q_vXw3I"
"Level 4","GOLD","Uneven Bars","Clear Hip Circle to Horizontal (Back Free Hip)","NOT_COMPLETED","55","B","USAG-GLD-UB-03","Cast away from bar, drop hips without touching rail, circle backward in hollow shape, open to horizontal.","Push bar away on drop | Keep arms locked straight | Open shoulders on the rise | Look at toes then spot bar","1. Cast to horizontal, drop backward keeping straight arms pushing bar down. 2. Do not let hips rest on the bar; maintain hollow curve 2-4 inches off bar. 3. Rotate under bar and pull bar into hips momentarily, then push bar away. 4. Shoot open to horizontal or above on rise with arms locked straight.","Resting hips on bar (turning it into a back hip circle) | Bent arms | Dropping head back","Clear Hip Circle on Uneven Bars | Level 4/5 Technique Drills","Gymnastics Method","https://www.youtube.com/watch?v=jVb6FjC0N2A"
"Level 4","GOLD","Uneven Bars","Squat-on / Pike-on to High Bar Jump","NOT_COMPLETED","50","A","USAG-GLD-UB-04","Cast from low bar, place balls of feet between hands on rail (squat or pike), stand and jump to catch high bar.","Lift hips high on cast | Light feet on the bar | Spot high bar with eyes | Catch high bar with straight arms","1. Cast from low bar, lift hips high above bar level with straight arms. 2. Place balls of feet softly on the low bar between or outside hands. 3. Stand up with chest rising and eyes spotting the high bar overhead. 4. Jump forward and upward to catch high bar in solid overgrip with straight arms.","Feet slipping off low bar | Jumping before standing balanced | Bent arm catch on high bar","Squat On and Jump to High Bar Tutorial | Uneven Bars","Head Over Heels Gymnastics","https://www.youtube.com/watch?v=N8qW_7j9x1L"
"Level 5","GOLD","Uneven Bars","Tuck Flyaway Dismount from High Bar","NOT_COMPLETED","60","A","USAG-GLD-UB-05","Tap swing on high bar, release at front apex, execute backward tucked salto rotation and stick landing.","Kick toes to the ceiling | Release on the rise | Tuck tight around shins | Spot mat and open to stick","1. Execute dynamic tap swings on high bar, creating high hollow-to-arch momentum. 2. On front swing, drive toes upward past horizontal toward ceiling. 3. Release the bar at 45° angle, pull knees tightly to chest in tucked somersault. 4. Spot landing mat, open tuck and stick firmly with arms in salute.","Releasing too early (flying backward low) | Releasing too late (flying straight up into bar) | Loose tuck","How to Do a Flyaway on Bars | Progressive Drills & Safety","Shift Movement Science","https://www.youtube.com/watch?v=aRz8gWqXo78"
"Level 7","PLATINUM","Uneven Bars","Cast to Handstand (Vertical on Bars)","NOT_COMPLETED","70","B","USAG-PLT-UB-01","Dynamic cast straight into 180° vertical handstand on high or low bar with zero hip angle deduction.","Push bar down aggressively | Open shoulders all the way | Heels drive straight to ceiling | Lock ribs flat","1. Start in high front support with straight arms and rounded upper back. 2. Lower slightly into hollow load and press down vigorously through palms. 3. Drive heels upward and open shoulders over hands into vertical handstand line. 4. Lock ribs, squeeze glutes, and hold vertical momentarily before returning or circling.","Bent arms | Arching back (banana back) over vertical | Casting short below 45°","How to Cast to Handstand on Uneven Bars | Pro Drills","Gymnast Care","https://www.youtube.com/watch?v=K6F9Q_vXw3I"
"Level 7","PLATINUM","Uneven Bars","Giant Circle (Back Giant on High Bar)","NOT_COMPLETED","75","B","USAG-PLT-UB-02","360° rotation around high bar with straight arms and body passing through vertical handstand at apex.","Stay long and straight on drop | Tap through the bottom | Shift wrists on top | Hit handstand line at peak","1. Cast to handstand on high bar, fall forward in long straight-body extension. 2. Pass under bar maintaining straight arms and tap heels through bottom. 3. On upswing, hollow chest and shift wrists over top of bar. 4. Kick heels through vertical handstand at apex and continue or prepare dismount.","Bending arms at the bottom | Piking too early on upswing | Failing to shift wrists resulting in peel-off","How to Do a Giant Swing on Uneven Bars | Level 7 & Platinum","Shift Movement Science","https://www.youtube.com/watch?v=7Xg9t0Y6M24"
"Level 6","PLATINUM","Uneven Bars","Layout Flyaway Dismount from High Bar","NOT_COMPLETED","65","A","USAG-PLT-UB-03","High bar swing with tap, release into stretched layout backward salto with stick landing.","Strong heel drive on front swing | Release at 45° angle | Keep body locked like a board | Spot mat to stick","1. Build momentum with high tap swing from giant circle or long hang cast. 2. At bottom of front swing, execute a sharp hollow tap driving heels upward. 3. Release bar as toes reach 45° above horizontal, holding body completely straight. 4. Spot the mat, absorb landing in solid stuck position with arms raised.","Piking or tucking knees (downgrade to tuck flyaway) | Releasing too early or late | Arching over on landing","Layout Flyaway on Bars Tutorial | Perfect Technique & Safety","Head Over Heels Gymnastics","https://www.youtube.com/watch?v=8hWq_y90L5g"
"Level 9","DIAMOND","Uneven Bars","Pak Salto Transition to Low Bar","NOT_COMPLETED","85","D","USAG L9 Bars D-Element #1","Cast handstand on high bar, swing down and release into backward stretched salto between bars to catch low bar in hang.","Late tap | Keep layout open | Eyes on low bar rail","1. Cast to handstand on high bar. 2. Swing forward, tap and release backward into layout salto. 3. Spot low bar rail during flight. 4. Catch low bar with arms straight and swing through.","Piking in flight | Over-rotating past low bar","Pak Salto Progression on Bars","Precision Gymnastics","https://www.youtube.com/watch?v=hG5R9eA2_W8"
"Level 1","BRONZE","Balance Beam","Jump to Front Support Mount on Beam","VERIFIED","25","A","USAG-SLV-BB-01","Stand facing beam, jump placing both hands on surface, press into balanced front support with tall chest and pointed toes.","Push tall into palms | Knees straight and locked | Eyes focused on far end of beam","1. Place hands flat on beam shoulder-width apart, fingers wrapping sides. 2. Punch springboard and push down through palms to elevate hips above beam. 3. Extend shoulders over hands in locked front support with legs glued together. 4. Swing right leg over beam into straddle or squat position with graceful posture.","Shoulders sagging | Banging thighs on beam surface | Loose feet","Beam Mounts for Beginners & Silver Level","Head Over Heels Gymnastics","https://www.youtube.com/watch?v=f9V_73oM_qE"
"Level 1","BRONZE","Balance Beam","Arabesque Hold (30° Leg Lift)","VERIFIED","25","A","USAG L1 Beam Element #2","Stand on one foot in releve or flat, lift rear leg straight to 30° minimum holding balance for 2 seconds with artistic arms.","Lock supporting knee | Lift back leg | Chest proud","1. Stand tall with supporting leg locked. 2. Lift back leg smoothly with pointed toe. 3. Hold stationary for 2 seconds with chest lifted. 4. Lower with elegance to beam.","Bending supporting knee | Dropping chest forward","Arabesque & Balance Holds on Beam","Anna McNulty","https://www.youtube.com/watch?v=ng0TU-tUEw0"
"Level 2","BRONZE","Balance Beam","English Handstand Hold on Beam","VERIFIED","30","A","USAG L2 Beam Element #1","Step into lunge, place hands side by side on beam, kick to 45° English handstand, tap toes together and step down.","Thumbs on top | Lock elbows | Step down in lunge","1. Lunge on beam, arms by ears. 2. Reach hands to beam with thumbs on top, fingers gripping sides. 3. Kick to 45° with tight straight legs. 4. Step down one foot at a time into clean lunge.","Over-kicking off beam | Bent elbows","Handstand on Balance Beam | Progression & Safety","Coach Marissa","https://www.youtube.com/watch?v=y1B3qK7v2p0"
"Level 3","SILVER","Balance Beam","Cross Handstand on Beam (Min 45° to Vertical)","IN_PROGRESS","40","A","USAG-SLV-BB-02","Kick into handstand perpendicular or crosswise on beam, bringing legs together at minimum 45° angle to vertical with straight body alignment.","Reach long in lever | Thumbs touching | Squeeze butt and ribs | Step back into deep lunge","1. Start in deep beam lunge with arms by ears and torso aligned with front leg. 2. Reach far out, placing thumbs touching across the beam with fingers wrapped around sides. 3. Kick back leg up while levering body into a vertical or minimum 45° cross handstand. 4. Step down with dominant foot first into a clean beam lunge, arms finished in crown.","Rushing the kickover without levering | Crooked hand placement causing beam slip | Falling off on step-down","How to Do a Handstand on Beam | Safe Drills & Confidence","Gymnastics HQ","https://www.youtube.com/watch?v=mH8_Rj5x0bY"
"Level 3","SILVER","Balance Beam","Cartwheel on Balance Beam","IN_PROGRESS","45","A","USAG-SLV-BB-03","Straight line cartwheel placing hands hand-over-hand along beam axis, kicking through vertical straddle to lunge.","Keep shoulders in line of beam | Spot hands onto beam | Lock knees at vertical | Step down along center","1. Stand in tall lunge on beam, sight the target spot 2 feet in front of toes. 2. Lever down placing lead hand turned inward, follow with second hand directly along center line. 3. Kick back leg strongly over top, passing through a vertical straddle plane with straight legs. 4. Land first foot on center line, immediately followed by second foot in a steady lunge.","Missing center line with second hand | Piking hips out of beam plane | Rushing landing and falling sideways","Cartwheel on Beam Tutorial | Step by Step Breakdown","Whitney Bjerken","https://www.youtube.com/watch?v=5zT7rZl4W9g"
"Level 3","SILVER","Balance Beam","Split Jump (60°-90° Split) on Beam","IN_PROGRESS","40","A","USAG-SLV-BB-04","Explosive jump off two feet along beam axis, separating legs into equal 60°-90° split with stuck landing.","Jump UP before splitting | Equal split front and back | Chest stays upright | Absorb landing in plie","1. Stand with one foot slightly in front of the other, knees relaxed. 2. Plie through both feet and jump straight upward with arms swinging into side-middle or crown. 3. Split front and back leg simultaneously to at least 90° separation with pointed toes. 4. Pull legs together quickly on descent to land front-foot back-foot with soft knees.","Leaning chest forward | Uneven leg split (front leg high, back leg low) | Landing stiff-legged","How to Do a Split Jump on Beam | Tips for Balance & Height","Gymnastics Method","https://www.youtube.com/watch?v=q-b9E7h8k_o"
"Level 3","SILVER","Balance Beam","1/2 Pivot Turn on One Foot (Beam)","IN_PROGRESS","35","A","USAG-SLV-BB-05","Step into releve on one foot with other foot in passé, execute 180° rotation with tight core and upright carriage.","Stay tall in relevé | Spot the end of beam | Squeeze inner thighs | Core engaged","1. Step forward onto the ball of one foot in high relevé, arms in first or fifth position. 2. Spot a focal point at opposite end of the beam to lock balance. 3. Turn head and shoulders 180° while pivoting cleanly on ball of foot. 4. Finish in locked relevé before lowering heel into preparation for next skill.","Dropping heel mid-turn | Wobbling arms out of alignment | Turning off-axis","Beam Pivot Turns Tutorial | Perfect Balance in Relevé","Gymnastics HQ","https://www.youtube.com/watch?v=vB97L_x31yU"
"Level 3","SILVER","Balance Beam","Round-off Dismount off End of Beam","IN_PROGRESS","40","A","USAG-SLV-BB-06","Hurdle step along beam, place hands in T-position at beam end, snap legs together through vertical, rebound off end and stick.","Drive the hurdle along center line | Push beam away with hands | Snap feet down together | Stick landing firmly","1. Lunge along beam line approaching the dismount end with confident momentum. 2. Place hands in line near the end of the beam, kicking legs over with aggressive snap. 3. Push off beam with hands, snapping legs together before passing end of beam. 4. Land facing beam on landing mat, absorbing impact in demi-plié with arms presented.","Looking down at hands and under-rotating | Releasing hands prematurely | Landing too close to beam","How to Do a Round Off Dismount on Beam","Precision Gymnastics","https://www.youtube.com/watch?v=h8L2vQ5M9_4"
"Level 4","GOLD","Balance Beam","Back Walkover on Balance Beam","NOT_COMPLETED","55","B","USAG-GLD-BB-01","One-foot lifted bridge back along center line of beam, hands placed with thumbs together, kicking trailing leg smoothly over.","Lift leg before arching | Keep arms glued to ears | Hands thumb-to-thumb | Hold finish lunge solid","1. Stand tall on beam with lead leg extended front and arms by ears. 2. Lift lead leg while arching backward through upper spine, eyes watching hands. 3. Place hands thumb-to-thumb on center line of beam with open shoulders. 4. Kick back foot up and through a full 180° split, stepping down softly in lunge.","Dropping hands off center line | Insufficient leg split under 120° | Wobbling on landing step-out","How to Do a Back Walkover on Beam | Balance & Alignment","Gymnastics HQ","https://www.youtube.com/watch?v=Y3eM_p8WJto"
"Level 5","GOLD","Balance Beam","Back Handspring Step-out on Beam (Acro Prep)","NOT_COMPLETED","60","B","USAG-GLD-BB-02","Dynamic sit and jump backward along beam axis, hands contacting center line with flight, stepping out to lunge.","Sit back before jumping | Look for beam between hands | Snap lead foot down on line | Stand tall into lunge","1. Stand on beam with feet aligned, sit back as if into a chair with arms swinging. 2. Jump backward aggressively, extending through hips and driving arms by ears. 3. Place hands in line on beam, blocking through shoulders while splitting legs. 4. Step lead foot down along center line followed by back foot into secure lunge.","Jumping crooked off center | Short undercutting jump causing head crash | Bent arms on hand impact","Back Handspring on Balance Beam Tutorial | Fear-Free Drills","Precision Gymnastics","https://www.youtube.com/watch?v=h_m52qQ-x3M"
"Level 4","GOLD","Balance Beam","Split Leap (120° Separation) on Beam","NOT_COMPLETED","50","A","USAG-GLD-BB-03","Forward step and elevation off one foot, splitting legs in air to minimum 120° with straight knees and upright chest.","Brush foot along beam | Split evenly at apex | Chest tall and proud | Land softly on center line","1. Step smoothly along beam with upright core and confident vision. 2. Brush front foot forward aggressively while pushing through back ball of foot. 3. Reach a minimum 120° split at peak height with torso vertical. 4. Land on front foot in demi-plié along center line with trailing leg controlled.","Leaning forward on take-off | Split less than 120° | Landing off center line of beam","Mastering Split Leaps on Beam | Height, Split & Consistency","Tamara Gymnastics","https://www.youtube.com/watch?v=f_6g8u4qX3o"
"Level 5","GOLD","Balance Beam","Front Tuck Dismount off Beam","NOT_COMPLETED","55","A","USAG-GLD-BB-05","Hurdle or step forward toward end of beam, two-foot punch, forward tucked salto in air, sticking landing on 8"" mat.","Punch off toes at end of beam | Jump UP before tucking | Grab shins tight | Spot mat and stick","1. Approach end of beam with confident step-hurdle punch off balls of feet. 2. Drive arms and hips upward into a high forward somersault takeoff. 3. Tuck knees tightly to chest with hands grabbing shins. 4. Spot landing mat, open out of tuck and stick firmly in demi-plié.","Diving forward instead of upward | Slow opening causing deep squat or fall | Stumbling forward on landing","How to Do a Front Tuck Dismount off Beam | Safe Progressions","Head Over Heels Gymnastics","https://www.youtube.com/watch?v=kP5wZ4L8_uM"
"Level 6","PLATINUM","Balance Beam","Back Handspring Step-out on Beam (Flight Acro)","NOT_COMPLETED","70","B","USAG-PLT-BB-01","Official flight acro requirement on balance beam: complete flight phase before hand contact, stepping out in rhythm.","Sit back before leaping | Spot hands onto beam line | Aggressive shoulder block | Hold finish lunge motionless","1. Stand in tall aligned posture on beam, sit hips back in controlled hinge. 2. Drive through legs into backwards jump with arms sweeping past ears. 3. Block through palms on beam line while opening legs in split step-out. 4. Land first foot on center line, followed immediately by second foot in a locked lunge.","Jumping crooked off beam | Bending elbows on hand contact | Flipping head back and missing line","Back Handspring Step-Out on Beam | Fear Breakdown & Drills","Precision Gymnastics","https://www.youtube.com/watch?v=h_m52qQ-x3M"
"Level 7","PLATINUM","Balance Beam","Aerial Cartwheel on Balance Beam","NOT_COMPLETED","75","D","USAG-PLT-BB-02","No-handed cartwheel along beam axis: powerful hurdle punch, torso dip and heel kick through vertical, landing on beam.","Deep lunge drive | Violent back leg kick | Keep chest aligned with beam | Spot the beam for landing","1. Take a confident step into deep lunge on beam with chest driving forward. 2. Drive lead leg down into beam while kicking back leg with maximum velocity overhead. 3. Keep chest up and arms pulled into body or crown, rotating without hand support. 4. Spot beam center line on landing, stepping lead foot down followed by back foot.","Diving hands down toward beam in panic | Piking hips sideways | Landing crooked off center line","Aerial Cartwheel on Balance Beam Tutorial | Drills & Confidence","Whitney Bjerken","https://www.youtube.com/watch?v=o2L8mZ-x0Qw"
"Level 6","PLATINUM","Balance Beam","Back Layout Dismount off Beam","NOT_COMPLETED","65","A","USAG-PLT-BB-03","Round-off off beam end into stretched backward layout salto in air, landing in stuck position on mat.","Explosive rebound off beam end | Straight body alignment (no tuck or pike) | Spot the mat and stick","1. Hurdle into round-off off end of beam, blocking through hands on the wood. 2. Rebound backwards and upward with body held straight as an arrow. 3. Rotate through 360° layout somersault with arms by ears or crossed on chest. 4. Spot the landing mat, open chest and stick firmly in demi-plié.","Piking or tucking knees mid-air | Under-rotating into back step | Rebounding crooked off beam","Back Layout Beam Dismount Tutorial | Level 7 & Platinum","Head Over Heels Gymnastics","https://www.youtube.com/watch?v=kP5wZ4L8_uM"
"Level 9","DIAMOND","Balance Beam","Back Handspring to Layout Step-out on Beam","NOT_COMPLETED","85","D","USAG L9 Beam Acro Flight Series","Acro flight series: back handspring connected directly into stretched layout step-out without pause.","Immediate rebound | Keep hips square | Spot beam throughout","1. Execute back handspring step-out along center line. 2. Rebound directly into backward layout jump without halting momentum. 3. Kick trailing leg through vertical layout step-out. 4. Step down into solid lunge balance.","Pause between elements | Crooked alignment","BHS to Layout Step-out Series on Beam","Coach Marissa","https://www.youtube.com/watch?v=y1B3qK7v2p0"
"Level 1","BRONZE","Vault","Kick to Handstand Flatback on 16"" Mat Stack","VERIFIED","25","A","USAG L1 Vault Element #1","Take 3-4 steps, lunge onto floor, kick into vertical handstand with hands on edge of 16"" mat stack, fall straight to flat back.","Lock elbows | Heels together | Chin to chest on landing","1. Short accelerated approach into deep lunge. 2. Place hands on front edge of 16"" mat. 3. Kick to vertical handstand with heels together. 4. Hollow and fall flat onto back with chin tucked.","Arching back | Bending elbows on mat contact","Handstand Flatback Progression for Level 1 Vault","Gymnastics Method","https://www.youtube.com/watch?v=K3gM33g2W1I"
"Level 2","BRONZE","Vault","Run & Hurdle to Flatback on 24"" Mat Stack","VERIFIED","30","A","USAG L2 Vault Element #1","Sprint 30-40ft, hurdle punch onto springboard, kick through handstand onto 24"" mat stack, falling straight to flat back.","Low fast hurdle | Punch with balls of feet | Tight hollow body","1. Run with forward acceleration. 2. Hurdle punch springboard with both feet simultaneously. 3. Reach hands to front edge of 24"" mat stack. 4. Hit vertical and fall flat on back.","Slowing down before springboard | Arching back on flatback","Springboard to Handstand Flatback Vault Drills","Precision Gymnastics","https://www.youtube.com/watch?v=vA6qL1hNq_4"
"Level 3","SILVER","Vault","Handstand Flatback onto 32"" Mat Stack","IN_PROGRESS","40","A","USAG-SLV-VT-01 (Level 3 / Xcel Silver)","Accelerated board hurdle into tight handstand with heel drive, falling straight to flat back on 32"" mat stack.","Fast arm swing | Eyes on the board | Lock ribs flat | Pinch heels together","1. Run with forward acceleration and hurdle onto the springboard with feet together. 2. Punch board explosively, punching arms up through ears into 45° entry toward mat stack. 3. Hit vertical handstand momentarily on front edge of 32"" mat stack. 4. Hollow down and drop flat onto back with chin tucked.","Arching through lower back on impact | Bending elbows on contact | Under-rotating","Handstand Flat Back Vault Technique & Drills","Gymnastics Method","https://www.youtube.com/watch?v=K3gM33g2W1I"
"Level 3","SILVER","Vault","Run & Hurdle onto Springboard to Straight Jump","IN_PROGRESS","35","A","USAG-SLV-VT-02","Consistent accelerated sprint, low hurdle onto sweet spot of the board, and explosive vertical straight jump with stuck landing.","Accelerate into board | Low fast hurdle | Punch the springs | Stick and hold 3 seconds","1. Sprint 40-50 feet with upright sprinting mechanics and high knees, accelerating progressively. 2. Execute a low, forward-driven hurdle step off one foot without elevating excessively. 3. Punch both balls of feet simultaneously on the sweet spot (front third) of the springboard. 4. Drive arms straight up by ears, soaring into a tight hollow straight jump, and stick the landing on 8"" mat.","Decelerating before the hurdle | Jumping too high into the board | Dropping arms on landing","How to Run and Hurdle onto the Springboard | Vault Drills","Precision Gymnastics","https://www.youtube.com/watch?v=vA6qL1hNq_4"
"Level 4","GOLD","Vault","Front Handspring over Vault Table","NOT_COMPLETED","55","A","USAG-GLD-VT-01","Official USAG Level 4-5 vault: accelerated run, punch springboard, pre-flight to table, shoulder block to post-flight and stick.","Full sprint acceleration | Fast shoulder block off table | Stay completely hollow | Stick landing firmly","1. Sprint with maximum velocity down the 60-foot runway without stuttering. 2. Hurdle onto the springboard with arms driving backward to forward. 3. Hit board and punch into a straight pre-flight body angle of ~40° to the table. 4. Block explosively through shoulders on contact with the table and fly into stuck landing.","Piking or arching on the table | Bending elbows during contact | Squatting on landing","How to Do a Front Handspring Vault | Technique Breakdown","Gymnastics Method","https://www.youtube.com/watch?v=98_hG4vQ1aA"
"Level 5","GOLD","Vault","Half-On Vault Entry Drill (1/4 - 1/2 Twist Entry)","NOT_COMPLETED","55","B","USAG-GLD-VT-02","Hurdle onto board, initiate 1/4 to 1/2 twist in pre-flight, contact table in sideways handstand position, repel off to flatback/stand.","Twist from the core, not arms | Eyes spot hands on table | Explosive shoulder block | Tight hollow alignment","1. Hurdle onto springboard with rapid arm drive. 2. Punch board and initiate 1/4 to 1/2 turn from hips and core during pre-flight. 3. Place hands staggered/turned on table to repel off in sideways-to-backward alignment. 4. Land on feet or back onto mat stack with body rigid.","Twisting too early before leaving board | Collapsing support arm | Over-rotating off side of mat","Tsukahara & Half-On Vault Drills for Level 5 and Gold","Shift Movement Science","https://www.youtube.com/watch?v=X8qZ9mQ2s1L"
"Level 6","PLATINUM","Vault","Front Handspring Half-Off Vault (1/2 Twist Off)","NOT_COMPLETED","65","B","USAG-PLT-VT-01","Front handspring entry onto vault table, explosive shoulder block, 1/2 twist in post-flight, landing facing the vault table.","Block first, then twist | Keep arms close to body on twist | Spot vault table on landing | Stick with locked knees","1. Execute maximum speed run and punch springboard into strong pre-flight. 2. Block aggressively off table through shoulders in straight body alignment. 3. Initiate 1/2 twist from hips and core during post-flight after clearing table. 4. Spot the vault table and stick landing facing back toward the apparatus.","Twisting on the table before blocking | Piking hips during twist | Under-rotating into backwards step","Front Handspring Half Off Vault Breakdown & Post-Flight Drills","Gymnastics Method","https://www.youtube.com/watch?v=K3gM33g2W1I"
"Level 7","PLATINUM","Vault","Tsukahara Vault Entry Drill (1/4 - 1/2 Turn On)","NOT_COMPLETED","70","C","USAG-PLT-VT-02","Round-off entry onto vault table with 1/2 turn on, explosive hand block into backward post-flight onto landing mat.","Fast board entry | Square shoulders to table on contact | Violent repulsion block | Tight hollow backward flight","1. High-velocity run into aggressive springboard punch with arms driving up. 2. Turn 1/4 to 1/2 onto the table, placing first and second hand in cartwheel/round-off line. 3. Repel violently off the table through shoulders while snapping body straight. 4. Soar backward through air into solid upright landing on resi-mat.","Turning too late off the board | Collapsing shoulder on hand contact | Piking on post-flight","Tsukahara Vault Drills & Progressions | Platinum Gymnastics","Shift Movement Science","https://www.youtube.com/watch?v=X8qZ9mQ2s1L"
"Level 9","DIAMOND","Vault","Tsukahara Piked / Layout Vault","NOT_COMPLETED","85","D","USAG L9 Vault Element","1/2 turn onto vault table followed by backward salto in piked or layout body shape with stuck landing.","Maximum speed | Repel off table | Hold straight body layout","1. Sprint at 9.0+ m/s down runway. 2. Punch springboard into 1/2 turn on. 3. Block explosively off table into stretched post-flight layout. 4. Rotate 360° backward, spot landing and stick.","Piking in layout | Late table contact","Tsukahara Layout Vault Breakdown","Gymnastics Zone","https://www.youtube.com/watch?v=WBLD4wPLeSg"
"Level 3","SILVER","Floor Exercise","Round-off Rebound Stick","IN_PROGRESS","40","A","USAG-SLV-FX-01 (Level 3 / Xcel Silver)","Accelerated hurdle into round-off, snap legs together through vertical, violent block off hands and high hollow rebound stick.","Speed into hurdle | Hands in T-shape | Snap feet together fast | Explosive hollow rebound","1. Power hurdle with chest leaning into travel direction. 2. Place hands in T-shape on center floor line. 3. Kick legs up through vertical and snap together at 12 o’clock with 1/2 turn. 4. Repel off hands into high vertical rebound, sticking landing without bounce.","Crooked hand placement | Late snap down past vertical | Landing on heels and stepping","How to Do a Powerful Round-off on Floor | Rebound Drills","Rylie Shaw","https://www.youtube.com/watch?v=GAbIx6oQAv4"
"Level 3","SILVER","Floor Exercise","Split Leap (90° Separation) on Floor","IN_PROGRESS","35","A","USAG-SLV-FX-04","Step into single-leg takeoff, elevate hips into equal 90° leg separation with straight knees and pointed toes, landing on front foot.","Brush foot along floor | Split at apex of jump | Keep chest over hips | Quiet toe-ball-heel landing","1. Take a continuous step or chassé with upright carriage and pointed feet. 2. Brush lead foot forward through low battement, exploding off trailing leg. 3. Achieve minimum 90° leg split at the peak of elevation with chest held tall. 4. Land softly in plie on front foot and step out with elegance.","Bent back knee | Dropping chest forward | Insufficient split under 90°","How to Get Better Split Leaps | Drills for 180 and Height","Tamara Gymnastics","https://www.youtube.com/watch?v=f_6g8u4qX3o"
"Level 4","GOLD","Floor Exercise","Round-off Back Handspring Back Tuck (Salto)","NOT_COMPLETED","60","A","USAG-GLD-FX-01","Fundamental tumbling pass for Level 4-5 / Xcel Gold: round-off into rapid back handspring rebound, set high into backward tucked salto.","Fast handspring into punch | Drive chest UP on takeoff | Tuck tight around shins | Spot floor and stick landing","1. Run with acceleration into a powerful round-off with aggressive snap down. 2. Immediately rebound into a fast, long back handspring, keeping arms by ears. 3. Punch both feet off floor through toes, driving chest and arms straight up into the air. 4. Pull knees to chest in a tight tuck, rotate 360°, open body and stick the landing.","Throwing head back on takeoff | Slow back handspring robbing height | Under-rotating into hands-down landing","Round-Off Back Handspring Back Tuck Gymnastics Tutorial","Precision Gymnastics","https://www.youtube.com/watch?v=h8L2vQ5M9_4"
"Level 5","GOLD","Floor Exercise","Front Tuck (Punch Front Salto)","NOT_COMPLETED","55","A","USAG-GLD-FX-02","Forward running approach, two-foot punch into high vertical set, rotating forward tucked salto to stick landing.","Punch hard off toes | Lift hips over shoulders | Tuck tight | Kick out before landing","1. Run 3-4 steps with forward acceleration into a low, fast hurdle. 2. Punch both balls of feet simultaneously with arms lifting from hips past ears. 3. Lift hips high over head while tucking knees firmly into chest. 4. Spot floor on rotation, kick out of tuck and absorb landing with chest high.","Diving forward with low hips | Cowboying knees wide | Landing in low squat","How to Do a Punch Front (Front Tuck) | Floor Gymnastics","Gymnastics Method","https://www.youtube.com/watch?v=u7B8_p91X2m"
"Level 5","GOLD","Floor Exercise","Switch Leap (120°+ Separation)","NOT_COMPLETED","50","B","USAG-GLD-FX-03","Forward leg swings to 45°, reverses explosively backward while trailing leg swings forward, achieving 120°+ split at apex.","Quick leg scissor in air | Chest stays upright and tall | Point both toes through switch | Land softly on front foot","1. Take a step-chassé preparation with upright posture. 2. Swing lead leg forward to approximately 45° with straight knee and pointed toe. 3. Aggressively switch legs in mid-air, driving front leg back and back leg forward. 4. Hit peak split of 120°+ before landing softly in demi-plié on front foot.","Swinging lead leg too high before switch | Dropping chest forward during split | Bent back leg on finish","Switch Leap Tutorial | How to Get a 180 Degree Switch Leap","Tamara Gymnastics","https://www.youtube.com/watch?v=f_6g8u4qX3o"
"Level 6","PLATINUM","Floor Exercise","Layout Salto (Floor Back Layout)","NOT_COMPLETED","70","B","USAG-PLT-FX-01","Round-off back handspring into explosive vertical takeoff, rotating backward in stretched hollow layout body line.","Fast round-off BHS transition | Punch straight UP | Hold body straight like a pencil | Spot floor and stick","1. Accelerate through a long hurdle into powerful round-off and back handspring. 2. Punch both balls of feet, driving arms straight overhead into high backward trajectory. 3. Maintain rigid hollow body line throughout entire 360° backward rotation. 4. Spot the floor, extend through ankles and stick landing cleanly with no steps.","Bending knees (turning it into a back tuck) | Piking at hips (piked layout) | Throwing head backward prematurely","How to Do a Back Layout on Floor | Gymnastics Tutorial","Gymnastics Method","https://www.youtube.com/watch?v=w7G9q8m_2aU"
"Level 7","PLATINUM","Floor Exercise","Back Layout 1/2 Twist (Floor)","NOT_COMPLETED","75","B","USAG-PLT-FX-02","Round-off back handspring into high layout with 180° longitudinal twist initiated from high set, landing forward.","Flip first, then twist | Tight wrap across chest | Look over shoulder for spot | Land facing opposite direction","1. Execute powerful round-off back handspring into vertical punch. 2. Rise into layout position with arms overhead. 3. At apex of salto, wrap arms into chest and initiate 1/2 twist from hips. 4. Spot landing facing backwards, absorb impact in demi-plié and stick.","Twisting off the floor before lifting | Piking hips during twist | Under-twisting landing sideways","Back Layout Half Twist Tutorial | Floor Gymnastics","Precision Gymnastics","https://www.youtube.com/watch?v=2pQ8x1vN6m4"
"Level 7","PLATINUM","Floor Exercise","Switch Leap to Tour Jeté Connection (Dance Series)","NOT_COMPLETED","70","B","USAG-PLT-FX-04","Mandatory dance connection series: switch leap (180° split) connected in direct rhythm to 1/2 turning tour jeté leap.","Seamless rhythm between leaps | 180° split on both elements | Spot each landing | Maintain high artistic presentation","1. Perform switch leap with full 180° leg split and upright chest. 2. Land on ball of front foot in plie and immediately step into tour jeté preparation. 3. Jump and turn 180° in mid-air while switching legs into reverse grand jeté. 4. Land softly in arabesque or fondue with expressive posture.","Stutter step between leaps | Insufficient split angle under 180° | Losing balance on landing","Switch Leap & Tour Jeté Dance Connections | Gymnastics Artistry","Tamara Gymnastics","https://www.youtube.com/watch?v=f_6g8u4qX3o"
"Level 7","PLATINUM","Floor Exercise","Double Turn (720° on One Foot on Floor)","NOT_COMPLETED","70","B","USAG-PLT-FX-05","High difficulty pirouette on floor: step into high releve, execute two full 360° rotations (720°) on one foot in passé.","High relevé on big toe | Fast double spot with head | Squeeze core and inner thighs | Clean finish on relevé","1. Step forward into preparation lunge, arms centered in first position. 2. Push sharply into high relevé on single support leg, snapping free leg to knee passé. 3. Whip head around twice in rapid spotting action to complete 720° rotation. 4. Lock hips and core, checking out cleanly on relevé before lowering heel.","Dropping heel after first turn | Failing to spot causing dizziness/drifting | Under-rotating into uncontrolled fall","How to Do a Double Turn in Gymnastics & Dance | 720 Degree Turn","Precision Gymnastics","https://www.youtube.com/watch?v=p3M9W_q2X0I"
"Level 9","DIAMOND","Floor Exercise","Double Back Tuck Salto","NOT_COMPLETED","90","D","USAG L9 Floor Acro Element #1","Round-off back handspring into explosive high set, completing two full backward tucked saltos before landing.","Maximum set height | Hold tight tuck through two flips | Open on spot and stick","1. High acceleration round-off into rapid back handspring. 2. Punch floor violently, driving chest and arms up to ceiling. 3. Pull knees tight into double tuck rotation. 4. Spot floor at 630°, open out of tuck and stick landing.","Low set | Opening too early | Deep squat on landing","Double Back Tuck Technique & Progressions","Head Over Heels Gymnastics","https://www.youtube.com/watch?v=e9K3p7vX6v8"
"Level 8","PLATINUM","Uneven Bars","Blind Change (1/2 Pirouette on High Bar)","NOT_COMPLETED","80","C","USAG L8 Bars Element #1","Cast to handstand on high bar, turn 180° on one arm into reverse grip swinging down smoothly into front giant.","Reach vertical before turning | Keep hips square during 180° turn | Shift weight cleanly onto single post arm","1. Cast to vertical handstand on high bar. 2. Shift weight onto turning hand while locking shoulder. 3. Release second hand and turn head and torso 180°. 4. Catch bar in underhand reverse grip at vertical and swing down into front giant.","Turning before vertical (deduction) | Piking in handstand | Missing undergrip catch","How to Do a Blind Change on Uneven Bars","Gymnastics Method","https://www.youtube.com/watch?v=ZtU5wM6n8_Y"
"Level 8","PLATINUM","Balance Beam","Back Handspring to Back Handspring Series","NOT_COMPLETED","80","C","USAG L8 Beam Flight Series","Mandatory acro flight series for Level 8: back handspring step-out connected with direct acceleration into second back handspring.","Direct connection with no hesitation | Spot beam throughout | Lock shoulders on hand block","1. Perform first back handspring step-out with straight hand alignment. 2. Upon lead foot contact, immediately rebound into second back handspring. 3. Keep vision locked on center line of beam. 4. Step down into solid finished lunge.","Hesitation or pause between handsprings (breaks connection) | Twisting off beam line","Back Handspring to Back Handspring Beam Series","Coach Marissa","https://www.youtube.com/watch?v=y1B3qK7v2p0"
"Level 8","PLATINUM","Vault","Tsukahara Tucked Vault over Table","NOT_COMPLETED","80","C","USAG L8 Vault Element #1","1/2 turn onto vault table, violent hand block into backward tucked salto rotation landing firmly on 8"" mat stack.","Fast sprint | Block through shoulders | Tight tuck rotation | Spot and stick","1. Full sprint acceleration down runway into low board hurdle. 2. Turn 1/2 in pre-flight, contacting table in staggered hand placement. 3. Repel off table, pulling knees into chest in tight tuck. 4. Spot landing surface, open tuck, and stick landing.","Low block height | Loose tuck | Taking steps on landing","Tsukahara Vault Tutorial & Drills","Gymnastics Zone","https://www.youtube.com/watch?v=WBLD4wPLeSg"
"Level 10","DIAMOND","Uneven Bars","Jaeger Salto Release (Straddle / Piked)","NOT_COMPLETED","100","D","USAG L10 Bars Release Element","Front giant on high bar, tap and release over bar into forward tucked/straddled salto, catching bar in swing.","Violent heel drive on tap | Spot the bar throughout salto | Reach and catch with locked wrists","1. Execute powerful front giant with undergrip on high bar. 2. Tap aggressively under bar, driving heels upward. 3. Release bar and flip forward in straddle salto over bar. 4. Catch bar in overgrip with arms extended and swing through.","Late release peeling off bar | Closing eyes in flight | Bent arms on catch","Jaeger Release Bar Technique & Progressions","Precision Gymnastics","https://www.youtube.com/watch?v=hG5R9eA2_W8"
"Level 10","DIAMOND","Balance Beam","Standing Full on Balance Beam","NOT_COMPLETED","100","E","USAG L10 Beam E-Element","Standing backward salto with 360° twist (full twist) executed directly from beam surface with stuck landing.","Set height first before twist | Tight wrap | Spot the line and freeze","1. Stand on beam in plié with arms swinging back. 2. Explode vertically, setting chest and arms up to ceiling. 3. Wrap arms tightly to initiate 360° twist. 4. Spot beam at 270°, open body and stick landing on beam axis.","Twisting off beam takeoff | Under-rotating twist | Landing off center","Standing Full on Beam Progression","Coach Marissa","https://www.youtube.com/watch?v=y1B3qK7v2p0"
"Level 10","DIAMOND","Vault","Yurchenko Full Twist (360° Layout)","NOT_COMPLETED","100","E","USAG L10 Vault 9.95 SV","Round-off onto board, back handspring onto table, block into high layout with 360° full twist in post-flight.","Maximum speed | Fast board turn | Instant table block | Early landing spot","1. High-speed sprint into round-off hurdle onto springboard. 2. Back handspring contacts table before vertical. 3. Violent shoulder repulsion into soaring layout post-flight. 4. Wrap for 360° longitudinal twist, spot landing and stick.","Slow table contact | Twisting before table block | Piking on landing","Yurchenko Full Twist Technique Breakdown","Gymnastics Zone","https://www.youtube.com/watch?v=WBLD4wPLeSg"
"Level 10","DIAMOND","Floor Exercise","Full-In Back-Out Salto (Double Salto with Full Twist)","NOT_COMPLETED","100","E","USAG L10 Floor E-Element","High difficulty tumbling pass: round-off back handspring into double backward salto with full twist in first salto.","Massive set height | Fast twist in first salto | Open early to stick landing","1. Maximum speed diagonal tumbling entry. 2. Punch floor vertically to ceiling with violent shoulder set. 3. Initiate full twist during first backward flip. 4. Complete second backward flip in tucked or layout shape, spot and stick.","Low set leading to dangerous landing | Late twist | Landing off floor boundary","Full-In Back-Out Salto Breakdown on Floor","Head Over Heels Gymnastics","https://www.youtube.com/watch?v=e9K3p7vX6v8"