Tier,USAG_Level,Apparatus,Skill_Name,Element_Code,Difficulty,Platform_Status,Resolution,Description,Key_Coaching_Cues,Step_by_Step_Execution,Common_Faults_To_Avoid,Prerequisites,Video_Title,Coaching_Channel,YouTube_Video_URL
"SILVER","Level 3 / Xcel Silver","Vault","Handstand Flatback onto Mat Stack","USAG-SLV-VT-01","A","Platform Covered","Resolved (Tutorial + Video Added)","Accelerated board hurdle into tight handstand with heel drive, falling straight to flat back on 32"" mat stack.","Fast arm swing | Eyes on the board | Lock ribs flat | Pinch heels together","1. Run with forward acceleration and hurdle onto the springboard with feet together and arms swinging back to front. 2. Punch the board explosively, punching arms up through ears into a 45° entry toward the mat stack. 3. Hit a vertical handstand momentarily on the front edge of the mat stack with locked elbows and tight ribs. 4. Hollow down and drop flat onto the back with chin tucked, maintaining complete body alignment.","Arching through lower back on impact | Bending elbows on contact | Under-rotating and landing on hips","Level 2 Handstand fall to flatback (16"") | Handstand hold against wall (30 sec)","Handstand Flat Back Vault Technique & Drills","Gymnastics Method","https://www.youtube.com/watch?v=K3gM33g2W1I"
"SILVER","Level 3 / Xcel Silver","Vault","Run & Hurdle onto Springboard to Straight Jump","USAG-SLV-VT-02","A","Identified Gap","Resolved (Tutorial + Video Added)","Consistent accelerated sprint, low hurdle onto sweet spot of the board, and explosive vertical straight jump with stuck landing.","Accelerate into board | Low fast hurdle | Punch the springs | Stick and hold 3 seconds","1. Sprint 40-50 feet with upright sprinting mechanics and high knees, accelerating progressively. 2. Execute a low, forward-driven hurdle step off one foot without elevating excessively. 3. Punch both balls of feet simultaneously on the sweet spot (front third) of the springboard. 4. Drive arms straight up by ears, soaring into a tight hollow straight jump, and stick the landing on 8"" mat.","Decelerating before the hurdle | Jumping too high into the board | Dropping arms on landing","Springboard bounce drills | Straight jump stick on floor line","How to Run and Hurdle onto the Springboard | Vault Drills","Precision Gymnastics","https://www.youtube.com/watch?v=vA6qL1hNq_4"
"SILVER","Level 3 / Xcel Silver","Uneven Bars","Glide Swing with Extension","USAG-SLV-UB-01","A","Identified Gap","Resolved (Tutorial + Video Added)","Jump from mat into piked glide swing forward, full body extension with toes pointing at end of swing, and swing back.","Straight arms locked | Pike on way out | Shoot toes forward at full extension | Keep chin neutral","1. Stand arm distance behind low bar, jump forward to catch bar with overhand grip. 2. Pike legs smoothly at hips with straight knees, sliding toes just inches off the floor mat. 3. At peak forward swing, open shoulders and extend hips fully into an open hollow body line. 4. Pull heels and hips back toward bar on backswing with straight arms engaged.","Bending knees during glide | Feet scraping the floor | Failing to extend at forward peak","Hanging hollow hold (15 sec) | Straight leg toe-to-bar raises","How to Master the Glide Swing on Bars | Key Drills","Shift Movement Science","https://www.youtube.com/watch?v=b5mN40Rj9bA"
"SILVER","Level 3 / Xcel Silver","Uneven Bars","Pullover to Front Support","USAG-SLV-UB-02","A","Identified Gap","Resolved (Tutorial + Video Added)","Chin-up pull, dynamic leg kick over low bar, shifting wrists into locked front support.","Chin to bar first | Pull hips into bar | Shift wrists on top | Tall locked chest","1. Hang with overgrip, initiate with a strong flexed-arm chin pull bringing chin over bar. 2. Drive knees or straight legs overhead, pulling hips tight against the bar. 3. Rotate hips over the bar while shifting wrists from hang to front support position. 4. Push tall into locked front support with shoulders over bar and legs tight.","Arms straightening during kickover | Hips drifting away from bar | Failing to roll wrists forward","Flexed arm hang 15s | Candlestick roll to stand","How to Do a Pullover on Bars | Gymnastics Step by Step","Head Over Heels Gymnastics","https://www.youtube.com/watch?v=e9K3p7vX6v8"
"SILVER","Level 3 / Xcel Silver","Uneven Bars","Cast to 30°-45° (Hips Clear of Bar)","USAG-SLV-UB-03","A","Identified Gap","Resolved (Tutorial + Video Added)","From front support, round into hollow, dip shoulders and drive hips upward at least 30°-45° with straight arms.","Press down with palms | Straight elbows locked | Drive with toes | Keep chest hollow","1. Begin in locked front support with straight arms and rounded upper back. 2. Bend slightly at the hips to load momentum while keeping arms locked straight. 3. Explosively drive toes and heels backward and upward while pressing downward with hands. 4. Reach a minimum 30° angle with hips clear of the bar before returning softly.","Bent elbows absorbing power | Arching back instead of hollow cast | Hips remaining touching the bar","Front support hold 20s | Floor cast push-up drills","How to Cast on Uneven Bars | Level 3 & Silver Cast Drills","Gymnast Care","https://www.youtube.com/watch?v=Wp_YxT7j8M4"
"SILVER","Level 3 / Xcel Silver","Uneven Bars","Back Hip Circle","USAG-SLV-UB-04","A","Identified Gap","Resolved (Tutorial + Video Added)","Cast off bar, fall backward rotating around the bar with hips glued to bar, returning to front support.","Glue hips to the bar | Head neutral (look at toes) | Fast wrist shift on top | Stay stiff like a pencil","1. Perform a preliminary cast to clear hips from bar. 2. As body returns, glue thighs/hips to the bar with head neutral and body straight. 3. Drop backward like a statue, using momentum to rotate 360° around the bar. 4. Shift wrists dynamically on top to finish in tall front support.","Throwing head back | Hips peeling away mid-circle | Bending knees","Solid cast | Front support balance","How to do a Back Hip Circle | Step-by-Step Gymnastics Tutorial","Tamara Gymnastics","https://www.youtube.com/watch?v=U8W32qg-n9I"
"SILVER","Level 3 / Xcel Silver","Uneven Bars","Undershoot Dismount (Sole Circle / Cast Prep)","USAG-SLV-UB-05","A","Identified Gap","Resolved (Tutorial + Video Added)","Cast, drop into hollow under the bar, shoot toes upward and outward, releasing bar to a stuck landing.","Push bar away on cast | Hollow drop | Shoot feet to the ceiling | Spot the landing mat","1. Execute a cast to 30°, then drop into an undershoot under the bar keeping hips close. 2. Maintain eye contact with feet as body swings forward under the bar. 3. Shoot toes up toward ceiling and release bar with both hands simultaneously. 4. Land softly in demi-plié with chest upright and stick without stepping.","Releasing too early or late | Piking on landing | Cowboying knees on dismount","Back hip circle | Glide swing","Undershoot Dismount Tutorial | Level 3 Uneven Bars","Gymnastics HQ","https://www.youtube.com/watch?v=Kz99HwL2W_g"
"SILVER","Level 3 / Xcel Silver","Balance Beam","Jump to Front Support Mount on Beam","USAG-SLV-BB-01","A","Identified Gap","Resolved (Tutorial + Video Added)","From springboard or mat, jump with hands on beam to straight-arm front support with tight legs and pointed toes.","Push tall into palms | Knees straight and locked | Eyes focused on far end of beam","1. Place hands flat on beam shoulder-width apart, fingers wrapping sides. 2. Punch springboard and push down through palms to elevate hips above beam. 3. Extend shoulders over hands in locked front support with legs glued together. 4. Swing right leg over beam into straddle or squat position with graceful posture.","Shoulders sagging | Banging thighs on beam surface | Loose feet","Front support hold on floor bar | Beam walk posture","Beam Mounts for Beginners & Silver Level","Head Over Heels Gymnastics","https://www.youtube.com/watch?v=f9V_73oM_qE"
"SILVER","Level 3 / Xcel Silver","Balance Beam","Cross Handstand on Beam (Min 45° to Vertical)","USAG-SLV-BB-02","A","Identified Gap","Resolved (Tutorial + Video Added)","Lunge on beam, place hands thumb-to-thumb, kick into tight cross handstand, and step down into balanced lunge.","Reach long in lever | Thumbs touching | Squeeze butt and ribs | Step back into deep lunge","1. Start in deep beam lunge with arms by ears and torso aligned with front leg. 2. Reach far out, placing thumbs touching across the beam with fingers wrapped around sides. 3. Kick back leg up while levering body into a vertical or minimum 45° cross handstand. 4. Step down with dominant foot first into a clean beam lunge, arms finished in crown.","Rushing the kickover without levering | Crooked hand placement causing beam slip | Falling off on step-down","Floor handstand hold 5s | Beam line handstand on floor","How to Do a Handstand on Beam | Safe Drills & Confidence","Gymnastics HQ","https://www.youtube.com/watch?v=mH8_Rj5x0bY"
"SILVER","Level 3 / Xcel Silver","Balance Beam","Cartwheel on Balance Beam","USAG-SLV-BB-03","A","Identified Gap","Resolved (Tutorial + Video Added)","Lunge on beam, place hand-hand in line, cartwheel in vertical plane, and land foot-foot in balanced lunge.","Keep shoulders in line of beam | Spot hands onto beam | Lock knees at vertical | Step down along center","1. Stand in tall lunge on beam, sight the target spot 2 feet in front of toes. 2. Lever down placing lead hand turned inward, follow with second hand directly along center line. 3. Kick back leg strongly over top, passing through a vertical straddle plane with straight legs. 4. Land first foot on center line, immediately followed by second foot in a steady lunge.","Missing center line with second hand | Piking hips out of beam plane | Rushing landing and falling sideways","Floor beam cartwheel | Floor cartwheel on line","Cartwheel on Beam Tutorial | Step by Step Breakdown","Whitney Bjerken","https://www.youtube.com/watch?v=5zT7rZl4W9g"
"SILVER","Level 3 / Xcel Silver","Balance Beam","Split Jump (60°-90° Split) on Beam","USAG-SLV-BB-04","A","Identified Gap","Resolved (Tutorial + Video Added)","From beam stand, plie and spring straight up, splitting legs equally to 90° separation and landing safely on beam.","Jump UP before splitting | Equal split front and back | Chest stays upright | Absorb landing in plie","1. Stand with one foot slightly in front of the other, knees relaxed. 2. Plie through both feet and jump straight upward with arms swinging into side-middle or crown. 3. Split front and back leg simultaneously to at least 90° separation with pointed toes. 4. Pull legs together quickly on descent to land front-foot back-foot with soft knees.","Leaning chest forward | Uneven leg split (front leg high, back leg low) | Landing stiff-legged","Straight jump on beam | Split jump on floor line","How to Do a Split Jump on Beam | Tips for Balance & Height","Gymnastics Method","https://www.youtube.com/watch?v=q-b9E7h8k_o"
"SILVER","Level 3 / Xcel Silver","Balance Beam","1/2 Pivot Turn on One Foot (Beam)","USAG-SLV-BB-05","A","Identified Gap","Resolved (Tutorial + Video Added)","Step onto relevé on one foot, rotate 180° smoothly on ball of foot with high posture, and step down.","Stay tall in relevé | Spot the end of beam | Squeeze inner thighs | Core engaged","1. Step forward onto the ball of one foot in high relevé, arms in first or fifth position. 2. Spot a focal point at opposite end of the beam to lock balance. 3. Turn head and shoulders 180° while pivoting cleanly on ball of foot. 4. Finish in locked relevé before lowering heel into preparation for next skill.","Dropping heel mid-turn | Wobbling arms out of alignment | Turning off-axis","Relevé walk on beam | Pivot turns on floor line","Beam Pivot Turns Tutorial | Perfect Balance in Relevé","Gymnastics HQ","https://www.youtube.com/watch?v=vB97L_x31yU"
"SILVER","Level 3 / Xcel Silver","Balance Beam","Round-off Dismount off End of Beam","USAG-SLV-BB-06","A","Identified Gap","Resolved (Tutorial + Video Added)","Lunge toward end of beam, round-off with 1/4 turn, snap down off beam onto 8"" landing mat and stick.","Drive the hurdle along center line | Push beam away with hands | Snap feet down together | Stick landing firmly","1. Lunge along beam line approaching the dismount end with confident momentum. 2. Place hands in line near the end of the beam, kicking legs over with aggressive snap. 3. Push off beam with hands, snapping legs together before passing end of beam. 4. Land facing beam on landing mat, absorbing impact in demi-plié with arms presented.","Looking down at hands and under-rotating | Releasing hands prematurely | Landing too close to beam","Floor round-off with rebound | Cartwheel dismount off beam","How to Do a Round Off Dismount on Beam","Precision Gymnastics","https://www.youtube.com/watch?v=h8L2vQ5M9_4"
"SILVER","Level 3 / Xcel Silver","Floor Exercise","Round-off Rebound","USAG-SLV-FX-01","A","Platform Covered","Resolved (Tutorial + Video Added)","Hurdle into powerful 1/2 turn round-off with strong hand repulsion, snapping down to high vertical rebound.","Fast low hurdle | T-hand placement | Snap down to hollow | Explosive vertical rebound","1. Take a 3-step run into a long, low hurdle with chest upright. 2. Reach hands down in a T-shape line, kicking back leg overhead into 1/2 twist. 3. Block aggressively through shoulders, snapping feet together through hollow body. 4. Rebound straight up out of punch with arms by ears, sticking clean on landing.","Bent elbows on hand contact | Slow snap down | Landing with chest dropped forward","Level 1 Cartwheel | Handstand snap-down on mat","Round-Off Rebound Technique & Common Mistakes","Shift Movement Science","https://www.youtube.com/watch?v=8qZ9mQ2s1L4"
"SILVER","Level 3 / Xcel Silver","Floor Exercise","Handstand to Bridge Kickover","USAG-SLV-FX-02","A","Platform Covered","Resolved (Tutorial + Video Added)","Controlled vertical handstand, soft step down into bridge, followed by immediate split kickover to lunge.","Hold handstand 1 count before bridge | Push shoulders over wrists in bridge | Kick with straight knee | Stand tall into lunge","1. Lunge forward into a vertical handstand with shoulders open and toes pointed. 2. Lower lead foot softly to mat into bridge while pushing shoulders open over hands. 3. Without pausing, push off floor through supporting foot and drive lead leg overhead in split. 4. Pass through handstand back to a tall finish lunge.","Crashing onto feet in bridge | Stuck in bridge unable to kickover | Bending supporting leg","Bridge kickover from mat | Solid handstand hold","How to Do a Handstand to Bridge Kickover Tutorial","Head Over Heels Gymnastics","https://www.youtube.com/watch?v=7vB3M2x1q0Y"
"SILVER","Level 3 / Xcel Silver","Floor Exercise","Back Extension Roll to Push-up / Handstand","USAG-SLV-FX-03","A","Identified Gap","Resolved (Tutorial + Video Added)","Straight arm backward roll with fast hip extension, pushing up through handstand or push-up hollow.","Fast hands by ears | Drive toes to the ceiling | Push hard through palms | Stay hollow in core","1. Stand tall, roll back with straight legs and hands positioned next to ears palms-up. 2. As hips pass over head, push explosively through palms while extending hips fully. 3. Lock arms and legs straight, passing through a high push-up or handstand angle. 4. Step down into balanced finish with chest high.","Bending knees during roll | Slow hand push causing head strain | Piking on push-up finish","Level 1 Backward roll | Push-up hold 30s","Back Extension Roll Tutorial | Clean Form & Drills","Gymnastics Method","https://www.youtube.com/watch?v=d7wV9M_2x0Q"
"SILVER","Level 3 / Xcel Silver","Floor Exercise","Split Leap (90° Separation) on Floor","USAG-SLV-FX-04","A","Identified Gap","Resolved (Tutorial + Video Added)","Step-chassé into grand jeté split leap with minimum 90° split angle, straight knees, and pointed toes.","Brush foot along floor | Split at apex of jump | Keep chest over hips | Quiet toe-ball-heel landing","1. Take a continuous step or chassé with upright carriage and pointed feet. 2. Brush lead foot forward through low battement, exploding off trailing leg. 3. Achieve minimum 90° leg split at the peak of elevation with chest held tall. 4. Land softly in plie on front foot and step out with elegance.","Bent back knee | Dropping chest forward | Insufficient split under 90°","Floor split stretches | Split leaps over mat","How to Get Better Split Leaps | Drills for 180 and Height","Tamara Gymnastics","https://www.youtube.com/watch?v=f_6g8u4qX3o"
"SILVER","Level 3 / Xcel Silver","Floor Exercise","1/1 Full Turn on One Foot (Floor)","USAG-SLV-FX-05","A","Identified Gap","Resolved (Tutorial + Video Added)","Preparation step into high relevé, complete 360° turn on single support leg with heel high off floor.","High relevé on big toe | Snap head around in spot | Squeeze glutes | Hold finish 1 second","1. Step forward into preparation plie, arms curved in first position. 2. Rise sharply onto high relevé on supporting foot, drawing free foot into passé at ankle or knee. 3. Spot a fixed target on wall, whip head around 360° to lock landing spot. 4. Finish with control on relevé before lowering heel gracefully.","Dropping heel mid-rotation | Losing spot causing over/under-rotation | Wobbling on step-out","1/2 turn on relevé | Passé balance on floor (10 sec)","How to Do a Full Turn in Gymnastics & Dance | Form & Spotting","Precision Gymnastics","https://www.youtube.com/watch?v=p3M9W_q2X0I"
"GOLD","Level 4-5 / Xcel Gold","Vault","Front Handspring over Vault Table","USAG-GLD-VT-01","A","Platform Covered","Resolved (Tutorial + Video Added)","Full run, punch springboard, pre-flight onto vault table, shoulder repulsion into post-flight, and stuck feet landing.","Full sprint acceleration | Fast shoulder block off table | Stay completely hollow | Stick landing firmly","1. Sprint with maximum velocity down the 60-foot runway without stuttering. 2. Hurdle onto the springboard with arms driving backward to forward. 3. Hit board and punch into a straight pre-flight body angle of ~40° to the table. 4. Block explosively through shoulders on contact with the table and fly into stuck landing.","Piking or arching on the table | Bending elbows during contact | Squatting on landing","Silver Handstand flatback | Front handspring on floor","How to Do a Front Handspring Vault | Technique Breakdown","Gymnastics Method","https://www.youtube.com/watch?v=98_hG4vQ1aA"
"GOLD","Level 4-5 / Xcel Gold","Vault","Half-On Vault Entry Drill (1/4 - 1/2 Twist Entry)","USAG-GLD-VT-02","B","Identified Gap","Resolved (Tutorial + Video Added)","Board punch with 1/4 to 1/2 twist onto vault table or mat stack, setting foundation for Tsukahara & Yurchenko family.","Twist from the core, not arms | Eyes spot hands on table | Explosive shoulder block | Tight hollow alignment","1. Hurdle onto springboard with rapid arm drive. 2. Punch board and initiate 1/4 to 1/2 turn from hips and core during pre-flight. 3. Place hands staggered/turned on table to repel off in sideways-to-backward alignment. 4. Land on feet or back onto mat stack with body rigid.","Twisting too early before leaving board | Collapsing support arm | Over-rotating off side of mat","Front handspring vault | Round-off onto mat stack","Tsukahara & Half-On Vault Drills for Level 5 and Gold","Shift Movement Science","https://www.youtube.com/watch?v=X8qZ9mQ2s1L"
"GOLD","Level 4-5 / Xcel Gold","Uneven Bars","Glide Kip on Low Bar","USAG-GLD-UB-01","A","Identified Gap","Resolved (Tutorial + Video Added)","Full extension glide swing forward, toes-to-bar pull on backswing, shift wrists and shoot into front support.","Big open glide at the front | Toes to bar fast on return | Shins slide the bar | Wrist shift on top!","1. Jump from mat into a long, powerful glide swing with legs straight and toes off floor. 2. Extend fully at forward peak, opening chest and hips into hollow body. 3. On backswing, pull toes rapidly to the bar while keeping arms straight. 4. Slide shins up the bar, shift wrists aggressively over bar and press tall into front support.","Piking on forward glide | Bending elbows when pulling toes up | Failing to roll wrists forward","Silver glide swing | Toe-to-bar leg lifts (10 reps) | Front support press","How to Do a Kip on Uneven Bars | The Ultimate Coaching Guide","Shift Movement Science","https://www.youtube.com/watch?v=13jU2p5fB9A"
"GOLD","Level 4-5 / Xcel Gold","Uneven Bars","Cast to Horizontal (Min Above 0°)","USAG-GLD-UB-02","A","Identified Gap","Resolved (Tutorial + Video Added)","From front support, dip shoulders slightly and cast explosively to horizontal or higher with straight arms and locked body.","Push down hard through palms | Straight elbows never bend | Drive heels above horizontal | Keep core locked","1. Start in high front support with straight arms and rounded hollow upper body. 2. Load with a slight hip drop without bending elbows. 3. Press downward with palms while driving heels and toes upward past horizontal. 4. Hit horizontal line with toes pointed and return smoothly to bar.","Casting below horizontal | Arched back casting | Bent arms","Silver cast to 30° | Plank push-ups (15 reps)","How to Cast to Horizontal and Handstand | Bars Drills","Gymnast Care","https://www.youtube.com/watch?v=K6F9Q_vXw3I"
"GOLD","Level 4-5 / Xcel Gold","Uneven Bars","Clear Hip Circle to Horizontal (Back Free Hip)","USAG-GLD-UB-03","B","Identified Gap","Resolved (Tutorial + Video Added)","Cast, drop backward maintaining gap between hips and bar, rotate around bar and shoot clear of bar to horizontal.","Push bar away on drop | Keep arms locked straight | Open shoulders on the rise | Look at toes then spot bar","1. Cast to horizontal, drop backward keeping straight arms pushing bar down. 2. Do not let hips rest on the bar; maintain hollow curve 2-4 inches off bar. 3. Rotate under bar and pull bar into hips momentarily, then push bar away. 4. Shoot open to horizontal or above on rise with arms locked straight.","Resting hips on bar (turning it into a back hip circle) | Bent arms | Dropping head back","Cast to horizontal | Back hip circle mastery","Clear Hip Circle on Uneven Bars | Level 4/5 Technique Drills","Gymnastics Method","https://www.youtube.com/watch?v=jVb6FjC0N2A"
"GOLD","Level 4-5 / Xcel Gold","Uneven Bars","Squat-on / Pike-on to High Bar Jump","USAG-GLD-UB-04","A","Identified Gap","Resolved (Tutorial + Video Added)","Cast from low bar, place feet between hands on low bar in squat or pike, stand and jump to catch high bar.","Lift hips high on cast | Light feet on the bar | Spot high bar with eyes | Catch high bar with straight arms","1. Cast from low bar, lift hips high above bar level with straight arms. 2. Place balls of feet softly on the low bar between or outside hands. 3. Stand up with chest rising and eyes spotting the high bar overhead. 4. Jump forward and upward to catch high bar in solid overgrip with straight arms.","Feet slipping off low bar | Jumping before standing balanced | Bent arm catch on high bar","Cast to horizontal | Floor squat-on drills","Squat On and Jump to High Bar Tutorial | Uneven Bars","Head Over Heels Gymnastics","https://www.youtube.com/watch?v=N8qW_7j9x1L"
"GOLD","Level 4-5 / Xcel Gold","Uneven Bars","Tuck Flyaway Dismount from High Bar","USAG-GLD-UB-05","A","Identified Gap","Resolved (Tutorial + Video Added)","Tap swing on high bar, drive toes upward on front swing, release bar into tucked backward somersault and stick landing.","Kick toes to the ceiling | Release on the rise | Tuck tight around shins | Spot mat and open to stick","1. Execute dynamic tap swings on high bar, creating high hollow-to-arch momentum. 2. On front swing, drive toes upward past horizontal toward ceiling. 3. Release the bar at 45° angle, pull knees tightly to chest in tucked somersault. 4. Spot landing mat, open tuck and stick firmly with arms in salute.","Releasing too early (flying backward low) | Releasing too late (flying straight up into bar) | Loose tuck","Tap swings on high bar | Back tuck on trampoline / floor","How to Do a Flyaway on Bars | Progressive Drills & Safety","Shift Movement Science","https://www.youtube.com/watch?v=aRz8gWqXo78"
"GOLD","Level 4-5 / Xcel Gold","Balance Beam","Back Walkover on Balance Beam","USAG-GLD-BB-01","B","Identified Gap","Resolved (Tutorial + Video Added)","Lift lead leg, arch backward placing hands in line on beam, kick through 180° split and land in balanced lunge.","Lift leg before arching | Keep arms glued to ears | Hands thumb-to-thumb | Hold finish lunge solid","1. Stand tall on beam with lead leg extended front and arms by ears. 2. Lift lead leg while arching backward through upper spine, eyes watching hands. 3. Place hands thumb-to-thumb on center line of beam with open shoulders. 4. Kick back foot up and through a full 180° split, stepping down softly in lunge.","Dropping hands off center line | Insufficient leg split under 120° | Wobbling on landing step-out","Floor back walkover on line | Beam back walkover on low beam","How to Do a Back Walkover on Beam | Balance & Alignment","Gymnastics HQ","https://www.youtube.com/watch?v=Y3eM_p8WJto"
"GOLD","Level 4-5 / Xcel Gold","Balance Beam","Back Handspring Step-out on Beam (Acro Prep)","USAG-GLD-BB-02","B","Identified Gap","Resolved (Tutorial + Video Added)","Sit in beam chair, jump backward with flight onto hands, step-out one foot at a time into confident lunge.","Sit back before jumping | Look for beam between hands | Snap lead foot down on line | Stand tall into lunge","1. Stand on beam with feet aligned, sit back as if into a chair with arms swinging. 2. Jump backward aggressively, extending through hips and driving arms by ears. 3. Place hands in line on beam, blocking through shoulders while splitting legs. 4. Step lead foot down along center line followed by back foot into secure lunge.","Jumping crooked off center | Short undercutting jump causing head crash | Bent arms on hand impact","Floor back handspring step-out on line | Low beam back handspring with mats","Back Handspring on Balance Beam Tutorial | Fear-Free Drills","Precision Gymnastics","https://www.youtube.com/watch?v=h_m52qQ-x3M"
"GOLD","Level 4-5 / Xcel Gold","Balance Beam","Split Leap (120° Separation) on Beam","USAG-GLD-BB-03","A","Identified Gap","Resolved (Tutorial + Video Added)","Running step or chassé into forward grand jeté on beam with minimum 120° split separation, sticking landing on line.","Brush foot along beam | Split evenly at apex | Chest tall and proud | Land softly on center line","1. Step smoothly along beam with upright core and confident vision. 2. Brush front foot forward aggressively while pushing through back ball of foot. 3. Reach a minimum 120° split at peak height with torso vertical. 4. Land on front foot in demi-plié along center line with trailing leg controlled.","Leaning forward on take-off | Split less than 120° | Landing off center line of beam","Silver split leap | Floor 180° splits","Mastering Split Leaps on Beam | Height, Split & Consistency","Tamara Gymnastics","https://www.youtube.com/watch?v=f_6g8u4qX3o"
"GOLD","Level 4-5 / Xcel Gold","Balance Beam","Full 1/1 Turn on One Foot on Beam","USAG-GLD-BB-04","A","Identified Gap","Resolved (Tutorial + Video Added)","Single foot relevé turn completing 360° on beam with free leg in passé, finishing locked on beam line.","Highest relevé possible | Spot the end of beam | Hold core hollow and tight | Freeze finish on line","1. Step forward onto supporting foot in deep plie, setting arms in first position. 2. Press into high relevé on ball of foot, snapping free foot into coupé or passé. 3. Spot far end of beam, whip head 360° and lock gaze back onto the beam. 4. Stop turn precisely on line with high relevé before lowering heel.","Dropping heel during turn | Incomplete rotation (under 360°) | Wobbling off side of beam on stop","1/2 turn on beam | Full turn on floor beam","Full Turn on Beam Tutorial | How to Stick Every Time","Precision Gymnastics","https://www.youtube.com/watch?v=p3M9W_q2X0I"
"GOLD","Level 4-5 / Xcel Gold","Balance Beam","Front Tuck Dismount off Beam","USAG-GLD-BB-05","A","Identified Gap","Resolved (Tutorial + Video Added)","Hurdle or step punch off end of beam into forward tucked somersault, opening to stick on landing mat.","Punch off toes at end of beam | Jump UP before tucking | Grab shins tight | Spot mat and stick","1. Approach end of beam with confident step-hurdle punch off balls of feet. 2. Drive arms and hips upward into a high forward somersault takeoff. 3. Tuck knees tightly to chest with hands grabbing shins. 4. Spot landing mat, open out of tuck and stick firmly in demi-plié.","Diving forward instead of upward | Slow opening causing deep squat or fall | Stumbling forward on landing","Front tuck on floor / trampoline | Round-off dismount off beam","How to Do a Front Tuck Dismount off Beam | Safe Progressions","Head Over Heels Gymnastics","https://www.youtube.com/watch?v=kP5wZ4L8_uM"
"GOLD","Level 4-5 / Xcel Gold","Floor Exercise","Round-off Back Handspring Back Tuck (Salto)","USAG-GLD-FX-01","A","Platform Covered","Resolved (Tutorial + Video Added)","Speed approach into round-off, connected back handspring, rebound punch into high backward tucked salto with stuck landing.","Fast handspring into punch | Drive chest UP on takeoff | Tuck tight around shins | Spot floor and stick landing","1. Run with acceleration into a powerful round-off with aggressive snap down. 2. Immediately rebound into a fast, long back handspring, keeping arms by ears. 3. Punch both feet off floor through toes, driving chest and arms straight up into the air. 4. Pull knees to chest in a tight tuck, rotate 360°, open body and stick the landing.","Throwing head back on takeoff | Slow back handspring robbing height | Under-rotating into hands-down landing","Solid back handspring series | Standing back tuck on mat","Round-Off Back Handspring Back Tuck Gymnastics Tutorial","Precision Gymnastics","https://www.youtube.com/watch?v=h8L2vQ5M9_4"
"GOLD","Level 4-5 / Xcel Gold","Floor Exercise","Front Tuck (Punch Front Salto)","USAG-GLD-FX-02","A","Identified Gap","Resolved (Tutorial + Video Added)","Short run into two-foot punch, soaring into high forward tucked somersault and landing upright with control.","Punch hard off toes | Lift hips over shoulders | Tuck tight | Kick out before landing","1. Run 3-4 steps with forward acceleration into a low, fast hurdle. 2. Punch both balls of feet simultaneously with arms lifting from hips past ears. 3. Lift hips high over head while tucking knees firmly into chest. 4. Spot floor on rotation, kick out of tuck and absorb landing with chest high.","Diving forward with low hips | Cowboying knees wide | Landing in low squat","Front handspring step-out | Trampoline punch front","How to Do a Punch Front (Front Tuck) | Floor Gymnastics","Gymnastics Method","https://www.youtube.com/watch?v=u7B8_p91X2m"
"GOLD","Level 4-5 / Xcel Gold","Floor Exercise","Switch Leap (120°+ Separation)","USAG-GLD-FX-03","B","Identified Gap","Resolved (Tutorial + Video Added)","Swing lead leg forward to 45°, quickly scissor-switch legs in mid-air to reach minimum 120°-180° grand jeté split.","Quick leg scissor in air | Chest stays upright and tall | Point both toes through switch | Land softly on front foot","1. Take a step-chassé preparation with upright posture. 2. Swing lead leg forward to approximately 45° with straight knee and pointed toe. 3. Aggressively switch legs in mid-air, driving front leg back and back leg forward. 4. Hit peak split of 120°+ before landing softly in demi-plié on front foot.","Swinging lead leg too high before switch | Dropping chest forward during split | Bent back leg on finish","Silver split leap | Floor switch leap drills","Switch Leap Tutorial | How to Get a 180 Degree Switch Leap","Tamara Gymnastics","https://www.youtube.com/watch?v=f_6g8u4qX3o"
"PLATINUM","Level 6-7 / Xcel Platinum","Vault","Front Handspring Half-Off Vault (1/2 Twist Off)","USAG-PLT-VT-01","B","Platform Covered","Resolved (Tutorial + Video Added)","Front handspring repulsion off vault table with 180° twist during post-flight, landing facing the vault table.","Block first, then twist | Keep arms close to body on twist | Spot vault table on landing | Stick with locked knees","1. Execute maximum speed run and punch springboard into strong pre-flight. 2. Block aggressively off table through shoulders in straight body alignment. 3. Initiate 1/2 twist from hips and core during post-flight after clearing table. 4. Spot the vault table and stick landing facing back toward the apparatus.","Twisting on the table before blocking | Piking hips during twist | Under-rotating into backwards step","Gold front handspring vault | Trampoline front handspring 1/2 twist","Front Handspring Half Off Vault Breakdown & Post-Flight Drills","Gymnastics Method","https://www.youtube.com/watch?v=K3gM33g2W1I"
"PLATINUM","Level 6-7 / Xcel Platinum","Vault","Tsukahara Vault Entry Drill (1/4 - 1/2 Turn On)","USAG-PLT-VT-02","C","Identified Gap","Resolved (Tutorial + Video Added)","Punch board, 1/4 to 1/2 turn cartwheel entry onto vault table, repelling backwards into high post-flight landing on feet.","Fast board entry | Square shoulders to table on contact | Violent repulsion block | Tight hollow backward flight","1. High-velocity run into aggressive springboard punch with arms driving up. 2. Turn 1/4 to 1/2 onto the table, placing first and second hand in cartwheel/round-off line. 3. Repel violently off the table through shoulders while snapping body straight. 4. Soar backward through air into solid upright landing on resi-mat.","Turning too late off the board | Collapsing shoulder on hand contact | Piking on post-flight","Gold front handspring vault | Round-off onto vault table drills","Tsukahara Vault Drills & Progressions | Platinum Gymnastics","Shift Movement Science","https://www.youtube.com/watch?v=X8qZ9mQ2s1L"
"PLATINUM","Level 6-7 / Xcel Platinum","Uneven Bars","Cast to Handstand (Vertical on Bars)","USAG-PLT-UB-01","B","Identified Gap","Resolved (Tutorial + Video Added)","From front support, cast with straight arms directly into a vertical handstand (within 10° of vertical) with ribs tucked.","Push bar down aggressively | Open shoulders all the way | Heels drive straight to ceiling | Lock ribs flat","1. Start in high front support with straight arms and rounded upper back. 2. Lower slightly into hollow load and press down vigorously through palms. 3. Drive heels upward and open shoulders over hands into vertical handstand line. 4. Lock ribs, squeeze glutes, and hold vertical momentarily before returning or circling.","Bent arms | Arching back (banana back) over vertical | Casting short below 45°","Gold cast to horizontal | Floor handstand push-ups | Bar pirouette drills","How to Cast to Handstand on Uneven Bars | Pro Drills","Gymnast Care","https://www.youtube.com/watch?v=K6F9Q_vXw3I"
"PLATINUM","Level 6-7 / Xcel Platinum","Uneven Bars","Giant Circle (Back Giant on High Bar)","USAG-PLT-UB-02","B","Identified Gap","Resolved (Tutorial + Video Added)","Full 360° rotation around high bar with straight arms and extended body line, passing through handstand.","Stay long and straight on drop | Tap through the bottom | Shift wrists on top | Hit handstand line at peak","1. Cast to handstand on high bar, fall forward in long straight-body extension. 2. Pass under bar maintaining straight arms and tap heels through bottom. 3. On upswing, hollow chest and shift wrists over top of bar. 4. Kick heels through vertical handstand at apex and continue or prepare dismount.","Bending arms at the bottom | Piking too early on upswing | Failing to shift wrists resulting in peel-off","Cast to handstand | Strap bar giant swings | Clear hip circle","How to Do a Giant Swing on Uneven Bars | Level 7 & Platinum","Shift Movement Science","https://www.youtube.com/watch?v=7Xg9t0Y6M24"
"PLATINUM","Level 6-7 / Xcel Platinum","Uneven Bars","Layout Flyaway Dismount from High Bar","USAG-PLT-UB-03","A","Identified Gap","Resolved (Tutorial + Video Added)","High tap swing on high bar, release into straight-body backward layout salto with zero knee bend and stick landing.","Strong heel drive on front swing | Release at 45° angle | Keep body locked like a board | Spot mat to stick","1. Build momentum with high tap swing from giant circle or long hang cast. 2. At bottom of front swing, execute a sharp hollow tap driving heels upward. 3. Release bar as toes reach 45° above horizontal, holding body completely straight. 4. Spot the mat, absorb landing in solid stuck position with arms raised.","Piking or tucking knees (downgrade to tuck flyaway) | Releasing too early or late | Arching over on landing","Gold tuck flyaway | Trampoline back layout","Layout Flyaway on Bars Tutorial | Perfect Technique & Safety","Head Over Heels Gymnastics","https://www.youtube.com/watch?v=8hWq_y90L5g"
"PLATINUM","Level 6-7 / Xcel Platinum","Balance Beam","Back Handspring Step-out on Beam (Flight Acro)","USAG-PLT-BB-01","B","Identified Gap","Resolved (Tutorial + Video Added)","Sit back into beam flight jump backward, hands contacting center line with shoulder block, stepping out into confident lunge.","Sit back before leaping | Spot hands onto beam line | Aggressive shoulder block | Hold finish lunge motionless","1. Stand in tall aligned posture on beam, sit hips back in controlled hinge. 2. Drive through legs into backwards jump with arms sweeping past ears. 3. Block through palms on beam line while opening legs in split step-out. 4. Land first foot on center line, followed immediately by second foot in a locked lunge.","Jumping crooked off beam | Bending elbows on hand contact | Flipping head back and missing line","Gold back handspring prep | Floor back handspring on straight line","Back Handspring Step-Out on Beam | Fear Breakdown & Drills","Precision Gymnastics","https://www.youtube.com/watch?v=h_m52qQ-x3M"
"PLATINUM","Level 6-7 / Xcel Platinum","Balance Beam","Aerial Cartwheel on Balance Beam","USAG-PLT-BB-02","B","Identified Gap","Resolved (Tutorial + Video Added)","Forward lunge on beam, aggressive heel kick into no-handed cartwheel over beam, landing foot-foot in balanced lunge.","Deep lunge drive | Violent back leg kick | Keep chest aligned with beam | Spot the beam for landing","1. Take a confident step into deep lunge on beam with chest driving forward. 2. Drive lead leg down into beam while kicking back leg with maximum velocity overhead. 3. Keep chest up and arms pulled into body or crown, rotating without hand support. 4. Spot beam center line on landing, stepping lead foot down followed by back foot.","Diving hands down toward beam in panic | Piking hips sideways | Landing crooked off center line","Floor aerial cartwheel | Low beam aerial cartwheel with mats","Aerial Cartwheel on Balance Beam Tutorial | Drills & Confidence","Whitney Bjerken","https://www.youtube.com/watch?v=o2L8mZ-x0Qw"
"PLATINUM","Level 6-7 / Xcel Platinum","Balance Beam","Back Layout Dismount off Beam","USAG-PLT-BB-03","A","Identified Gap","Resolved (Tutorial + Video Added)","Round-off or punch off end of beam, soaring into straight-body back layout salto, sticking on landing mat.","Explosive rebound off beam end | Straight body alignment (no tuck or pike) | Spot the mat and stick","1. Hurdle into round-off off end of beam, blocking through hands on the wood. 2. Rebound backwards and upward with body held straight as an arrow. 3. Rotate through 360° layout somersault with arms by ears or crossed on chest. 4. Spot the landing mat, open chest and stick firmly in demi-plié.","Piking or tucking knees mid-air | Under-rotating into back step | Rebounding crooked off beam","Gold front tuck dismount | Round-off back layout on floor","Back Layout Beam Dismount Tutorial | Level 7 & Platinum","Head Over Heels Gymnastics","https://www.youtube.com/watch?v=kP5wZ4L8_uM"
"PLATINUM","Level 6-7 / Xcel Platinum","Floor Exercise","Layout Salto (Floor Back Layout)","USAG-PLT-FX-01","B","Platform Covered","Resolved (Tutorial + Video Added)","Round-off back handspring into maximum height punch, soaring through completely straight backward somersault to stick.","Fast round-off BHS transition | Punch straight UP | Hold body straight like a pencil | Spot floor and stick","1. Accelerate through a long hurdle into powerful round-off and back handspring. 2. Punch both balls of feet, driving arms straight overhead into high backward trajectory. 3. Maintain rigid hollow body line throughout entire 360° backward rotation. 4. Spot the floor, extend through ankles and stick landing cleanly with no steps.","Bending knees (turning it into a back tuck) | Piking at hips (piked layout) | Throwing head backward prematurely","Gold back tuck on floor | Trampoline layout somersault","How to Do a Back Layout on Floor | Gymnastics Tutorial","Gymnastics Method","https://www.youtube.com/watch?v=w7G9q8m_2aU"
"PLATINUM","Level 6-7 / Xcel Platinum","Floor Exercise","Back Layout 1/2 Twist (Floor)","USAG-PLT-FX-02","B","Platform Covered","Resolved (Tutorial + Video Added)","Punch into back layout salto, initiating a 180° twist at the peak of the jump, and landing facing backwards.","Flip first, then twist | Tight wrap across chest | Look over shoulder for spot | Land facing opposite direction","1. Execute powerful round-off back handspring into vertical punch. 2. Rise into layout position with arms overhead. 3. At apex of salto, wrap arms into chest and initiate 1/2 twist from hips. 4. Spot landing facing backwards, absorb impact in demi-plié and stick.","Twisting off the floor before lifting | Piking hips during twist | Under-twisting landing sideways","Back layout salto | Front layout salto","Back Layout Half Twist Tutorial | Floor Gymnastics","Precision Gymnastics","https://www.youtube.com/watch?v=2pQ8x1vN6m4"
"PLATINUM","Level 6-7 / Xcel Platinum","Floor Exercise","Front Layout Salto (Punch Front Layout)","USAG-PLT-FX-03","B","Platform Covered","Resolved (Tutorial + Video Added)","High forward punch into straight-body front salto, rotating 360° forward without knee bend, sticking landing.","Lift hips high over head | Keep legs glued together | Lock body straight | Stick landing with chest high","1. Sprint forward into low, aggressive hurdle punch on balls of feet. 2. Drive arms and chest upward into high forward trajectory. 3. Maintain hollow body straight alignment as hips rotate forward over shoulders. 4. Spot floor on final descent, open body and stick landing softly.","Piking at hips | Diving forward low to mat | Over-rotating and taking forward step","Gold punch front tuck | Front pike salto","Front Layout Salto Tutorial | Floor Gymnastics","Gymnastics Method","https://www.youtube.com/watch?v=98_hG4vQ1aA"
"PLATINUM","Level 6-7 / Xcel Platinum","Floor Exercise","Switch Leap to Tour Jeté Connection (Dance Series)","USAG-PLT-FX-04","B","Identified Gap","Resolved (Tutorial + Video Added)","Switch leap (180° split) connected seamlessly without extra steps into a 1/2-turning tour jeté split leap.","Seamless rhythm between leaps | 180° split on both elements | Spot each landing | Maintain high artistic presentation","1. Perform switch leap with full 180° leg split and upright chest. 2. Land on ball of front foot in plie and immediately step into tour jeté preparation. 3. Jump and turn 180° in mid-air while switching legs into reverse grand jeté. 4. Land softly in arabesque or fondue with expressive posture.","Stutter step between leaps | Insufficient split angle under 180° | Losing balance on landing","Gold switch leap | Tour jeté leap","Switch Leap & Tour Jeté Dance Connections | Gymnastics Artistry","Tamara Gymnastics","https://www.youtube.com/watch?v=f_6g8u4qX3o"
"PLATINUM","Level 6-7 / Xcel Platinum","Floor Exercise","Double Turn (720° on One Foot on Floor)","USAG-PLT-FX-05","B","Identified Gap","Resolved (Tutorial + Video Added)","Two full rotations (720°) on the ball of a single foot in high relevé with free leg in passé, finishing with control.","High relevé on big toe | Fast double spot with head | Squeeze core and inner thighs | Clean finish on relevé","1. Step forward into preparation lunge, arms centered in first position. 2. Push sharply into high relevé on single support leg, snapping free leg to knee passé. 3. Whip head around twice in rapid spotting action to complete 720° rotation. 4. Lock hips and core, checking out cleanly on relevé before lowering heel.","Dropping heel after first turn | Failing to spot causing dizziness/drifting | Under-rotating into uncontrolled fall","Gold full turn (360°) | Passé balance on high relevé","How to Do a Double Turn in Gymnastics & Dance | 720 Degree Turn","Precision Gymnastics","https://www.youtube.com/watch?v=p3M9W_q2X0I"